annotation_record_id,source_family,source_id,source_project_id,source_parent_id,project_title,project_description,country_name,country_iso3,region_name,commitment_year,sector_code,sector_name,theme_or_intent,infrastructure_flag,finance_type,flow_class,implementation_status,location_text,source_url,recommended_for_aggregates,umbrella_flag,annotation_universe_flag,text_bundle_for_annotation
f9ed03cf92a2f027,,,62771,,"[Cancelled] China Eximbank contributes $12.75 million to Tranche B of buyer's credit for acquisition of H1310 shipping vessel (Linked to Record ID#62839, #62841, and #73609)","On October 12, 2015, China Exim Bank along with ABN AMRO Bank N.V. signed a loan agreement with SBI Puro Shipping Company Limited, SBI Valrico Shipping Company Limited, and SBI Maduro Shipping Company Limited, each a subsidiary of Scorpio Bulkers Inc. and a company incorporated under the laws of the Republic of the Marshall Islands. Under the agreement, China EXIM Bank and ABN AMRO Bank N.V. agreed to each provide $38,250,000 to finance part of the purchase price of three vessels and refinance the SBI Puro Indebtedness.  The loan by China EXIM Bank is divided into three tranches, A, B, and C, worth $25,500,000 for each vessel: vessel A, the 180,000 dwt capesize bulk carrier m.v. 'SBI PURO' (tranche A); vessel B (H1310) (tranche B); and vessel C (H1311) (tranche C). SBI Puro Shipping Company is receiving vessel A, SBI Valrico Shipping Company Limited is receiving vessel B, and SBI Maduro Shipping Company Limited is receiving vessel C. This project records Tranche B, $25,500,000 for H1310, half of which, $12,750,000, is committed by China EXIM Bank.   Sinosure, China Export & Credit Insurance Corporation, has agreed to provide a buyer's credit insurance policy covering up to 90% of the political and commercial risks associated with each tranche. On April 1, 2013, Shanghai Waigaoqiao Shipbuilding Co., Ltd. entered into building contracts with SBI Valrico Shipping Company Limited and SBI Maduro Shipping Company Limited to construct Vessel H1310 and Vessel H1311 for and deliver them to the relevant sellers, Great Wave Navigation 2 Ltd. and Great Wave Navigation 3 Ltd.   On January 6, 2014, the memoranda of the agreements of the terms and conditions on the selling of the vessels were signed. The contract price of each vessel is $56,500,000. According to section 5.3.4 of '$76,500,000 Secured Loan Agreement', the amount of each lender's participation in any tranche will be equal to the proportion borne by its commitment to the total commitments, so the proportion of involvement of China EXIM Bank in each tranche is 50%. The amount of each tranche is $25,500,000 and China EXIM Bank provides accordingly $12,750,000.   The interest rate is calculated as LIBOR rate (0.528% as the average of 6 months in October 2015) + margin (2.5%) = 3.028%. The first installment in respect of Tranche B falls due on the 21st day of the last month of the next financial quarter, thus the grace period for each tranche is 3 months. The maturity date for tranche B is the date falling ten years after the delivery date of H1310, which was planned in 2015, thus the maturity date was planned to be in 2025.   During November 2015, Scorpio Bulkers Inc. drew down $25,500,000 relating to the delivery of one of the vessels. Pursuant to the three vessels collateralizing this facility being classified as held-for-sale in November 2015, this facility was canceled in December 2015 and the $25,500,000 was repaid. According to 'SCORPIO BULKERS INC. ANNOUNCES FINANCIAL RESULTS FOR THE THIRD QUARTER OF 2015', a Capesize vessel named SBI Valrico was delivered from Shanghai Waigaoqiao Shipbuilding Co., Ltd. between July 1, 2015 and October 29, 2015 while there was no record of vessel delivery of SBI Puro nor SBI Maduro. Therefore, the drawn down and repaid $25,500,000 is identified with tranche B.   This project status is cancelled.   This project is linked to Record ID#s #62839 (Tranche A), #62841(Tranche C), and Record ID#73609, which records the amount disbursed before the facility's cancellation.",Marshall Islands,MHL,Oceania,2015,210,TRANSPORT AND STORAGE,Commercial,Yes,Loan,OOF,Cancelled,,,No,No,true,"Title: [Cancelled] China Eximbank contributes $12.75 million to Tranche B of buyer's credit for acquisition of H1310 shipping vessel (Linked to Record ID#62839, #62841, and #73609)
Description: On October 12, 2015, China Exim Bank along with ABN AMRO Bank N.V. signed a loan agreement with SBI Puro Shipping Company Limited, SBI Valrico Shipping Company Limited, and SBI Maduro Shipping Company Limited, each a subsidiary of Scorpio Bulkers Inc. and a company incorporated under the laws of the Republic of the Marshall Islands. Under the agreement, China EXIM Bank and ABN AMRO Bank N.V. agreed to each provide $38,250,000 to finance part of the purchase price of three vessels and refinance the SBI Puro Indebtedness. The loan by China EXIM Bank is divided into three tranches, A, B, and C, worth $25,500,000 for each vessel: vessel A, the 180,000 dwt capesize bulk carrier m.v. 'SBI PURO' (tranche A); vessel B (H1310) (tranche B); and vessel C (H1311) (tranche C). SBI Puro Shipping Company is receiving vessel A, SBI Valrico Shipping Company Limited is receiving vessel B, and SBI Maduro Shipping Company Limited is receiving vessel C. This project records Tranche B, $25,500,000 for H1310, half of which, $12,750,000, is committed by China EXIM Bank. Sinosure, China Export & Credit Insurance Corporation, has agreed to provide a buyer's credit insurance policy covering up to 90% of the political and commercial risks associated with each tranche. On April 1, 2013, Shanghai Waigaoqiao Shipbuilding Co., Ltd. entered into building contracts with SBI Valrico Shipping Company Limited and SBI Maduro Shipping Company Limited to construct Vessel H1310 and Vessel H1311 for and deliver them to the relevant sellers, Great Wave Navigation 2 Ltd. and Great Wave Navigation 3 Ltd. On January 6, 2014, the memoranda of the agreements of the terms and conditions on the selling of the vessels were signed. The contract price of each vessel is $56,500,000. According to section 5.3.4 of '$76,500,000 Secured Loan Agreement', the amount of each lender's participation in any tranche will be equal to the proportion borne by its commitment to the total commitments, so the proportion of involvement of China EXIM Bank in each tranche is 50%. The amount of each tranche is $25,500,000 and China EXIM Bank provides accordingly $12,750,000. The interest rate is calculated as LIBOR rate (0.528% as the average of 6 months in October 2015) + margin (2.5%) = 3.028%. The first installment in respect of Tranche B falls due on the 21st day of the last month of the next financial quarter, thus the grace period for each tranche is 3 months. The maturity date for tranche B is the date falling ten years after the delivery date of H1310, which was planned in 2015, thus the maturity date was planned to be in 2025. During November 2015, Scorpio Bulkers Inc. drew down $25,500,000 relating to the delivery of one of the vessels. Pursuant to the three vessels collateralizing this facility being classified as held-for-sale in November 2015, this facility was canceled in December 2015 and the $25,500,000 was repaid. According to 'SCORPIO BULKERS INC. ANNOUNCES FINANCIAL RESULTS FOR THE THIRD QUARTER OF 2015', a Capesize vessel named SBI Valrico was delivered from Shanghai Waigaoqiao Shipbuilding Co., Ltd. between July 1, 2015 and October 29, 2015 while there was no record of vessel delivery of SBI Puro nor SBI Maduro. Therefore, the drawn down and repaid $25,500,000 is identified with tranche B. This project status is cancelled. This project is linked to Record ID#s #62839 (Tranche A), #62841(Tranche C), and Record ID#73609, which records the amount disbursed before the facility's cancellation.
Country: Marshall Islands
Region: Oceania
Sector: TRANSPORT AND STORAGE
Sector code: 210
Theme/intent: Commercial
Infrastructure: Yes
Finance type: Loan
Flow class: OOF
Status: Cancelled"
1797cb3c0e577a03,,,93292,,Chinese Embassy donates anti-epidemic materials to National Assembly of Benin,"On July 3, 2020, the Embassy of China in Benin made a donation of anti-epidemic materials to the National Assembly of Benin. Ambassador Peng Jintao and First Deputy Speaker Mariama Chabi represented the two organizations. The shipment consisted of 5,000 single-use medical masks, 40 500 mL bottles of hydro-alcoholic gel, five 25 liter cans of 80% alcohol, and five spray bottles for disinfecting. This donation was intended to aid the Government of Benin in its fight agains the COVID-19 pandemic.",Benin,BEN,Africa,2020,120,HEALTH,Development,,Grant,ODA,Completion,"This project involved donating anti-epidemic materials to the Benin National Assembly (l'Assemblée nationale du Bénin). For more detailed locational information, see: https://www.openstreetmap.org/way/822420629. ",,Yes,No,true,"Title: Chinese Embassy donates anti-epidemic materials to National Assembly of Benin
Description: On July 3, 2020, the Embassy of China in Benin made a donation of anti-epidemic materials to the National Assembly of Benin. Ambassador Peng Jintao and First Deputy Speaker Mariama Chabi represented the two organizations. The shipment consisted of 5,000 single-use medical masks, 40 500 mL bottles of hydro-alcoholic gel, five 25 liter cans of 80% alcohol, and five spray bottles for disinfecting. This donation was intended to aid the Government of Benin in its fight agains the COVID-19 pandemic.
Country: Benin
Region: Africa
Sector: HEALTH
Sector code: 120
Theme/intent: Development
Finance type: Grant
Flow class: ODA
Status: Completion
Location: This project involved donating anti-epidemic materials to the Benin National Assembly (l'Assemblée nationale du Bénin). For more detailed locational information, see: https://www.openstreetmap.org/way/822420629."
63add559ce4b9f9c,,,90578,,16 Argentine police officers attend security training in China in 2019,"From December 5th to 19th, 2019, 16 police officers from the Argentine Police Department of Córdoba Province attended a security training at a Municipal Police Vocational Training College (市警察职业培训学院) in Jinan, China. The training was organized by the China Ministry of Public Security. A closing ceremony was held two days early, on the 17th. ",Argentina,ARG,America,2019,150,GOVERNMENT AND CIVIL SOCIETY,Development,,Scholarships/training in the donor country,ODA,Completion,"Jinan City, China: https://www.openstreetmap.org/relation/3486449",,Yes,No,true,"Title: 16 Argentine police officers attend security training in China in 2019
Description: From December 5th to 19th, 2019, 16 police officers from the Argentine Police Department of Córdoba Province attended a security training at a Municipal Police Vocational Training College (市警察职业培训学院) in Jinan, China. The training was organized by the China Ministry of Public Security. A closing ceremony was held two days early, on the 17th.
Country: Argentina
Region: America
Sector: GOVERNMENT AND CIVIL SOCIETY
Sector code: 150
Theme/intent: Development
Finance type: Scholarships/training in the donor country
Flow class: ODA
Status: Completion
Location: Jinan City, China: https://www.openstreetmap.org/relation/3486449"
36e3da211281d808,,,107207,4123,"Chinese Government donates OBMs, sewing machines, and clothing to support women in East Choiseul Constituency (linked to Record ID#107036)","On June 27, 2023, the Chinese Government donated eight 40-horsepower Yamaha outboard motor engines (OBMs) with fiberglass boats, over 30 new sewing machines, and more than 30 bales of second-hand clothing to women's groups across East Choiseul Constituency (ECC). The donation was formally handed over by Minister-Counsellor Ding Yonghua of the Chinese Embassy in Honiara during a ceremony at the ECC Development Centre in Kerepangara.  The donated materials were provided as part of the PRC’s Rural Development Assistance Program and directly supported the life-skills training initiative held for over 300 women. According to local officials, this was the first women’s development program in ECC funded by the PRC and addressed longstanding transportation barriers and livelihood challenges faced by women in remote communities. Constituency Development Officer Collin Qalokisa and ECC Women’s Coordinator Joy Madada both praised the program’s transformative impact and acknowledged the long-standing development support ECC has received from China since 2019.   Since 2019, East Choiseul Constituency (ECC) has received an estimated SBD $4 million worth of development support from the People’s Republic of China.",Solomon Islands,SLB,Oceania,2023,430,OTHER MULTISECTOR,Development,,Grant,ODA,Completion,"The project involved the donation of eight 40-horsepower Yamaha outboard motor engines (OBMs) with fiberglass boats, over 30 new sewing machines, and more than 30 bales of second-hand clothing to women's groups across East Choiseul Constituency (ECC). More detailed locational information can be found at https://www.openstreetmap.org/relation/2536259.",,Yes,No,true,"Title: Chinese Government donates OBMs, sewing machines, and clothing to support women in East Choiseul Constituency (linked to Record ID#107036)
Description: On June 27, 2023, the Chinese Government donated eight 40-horsepower Yamaha outboard motor engines (OBMs) with fiberglass boats, over 30 new sewing machines, and more than 30 bales of second-hand clothing to women's groups across East Choiseul Constituency (ECC). The donation was formally handed over by Minister-Counsellor Ding Yonghua of the Chinese Embassy in Honiara during a ceremony at the ECC Development Centre in Kerepangara. The donated materials were provided as part of the PRC’s Rural Development Assistance Program and directly supported the life-skills training initiative held for over 300 women. According to local officials, this was the first women’s development program in ECC funded by the PRC and addressed longstanding transportation barriers and livelihood challenges faced by women in remote communities. Constituency Development Officer Collin Qalokisa and ECC Women’s Coordinator Joy Madada both praised the program’s transformative impact and acknowledged the long-standing development support ECC has received from China since 2019. Since 2019, East Choiseul Constituency (ECC) has received an estimated SBD $4 million worth of development support from the People’s Republic of China.
Country: Solomon Islands
Region: Oceania
Sector: OTHER MULTISECTOR
Sector code: 430
Theme/intent: Development
Finance type: Grant
Flow class: ODA
Status: Completion
Location: The project involved the donation of eight 40-horsepower Yamaha outboard motor engines (OBMs) with fiberglass boats, over 30 new sewing machines, and more than 30 bales of second-hand clothing to women's groups across East Choiseul Constituency (ECC). More detailed locational information can be found at https://www.openstreetmap.org/relation/2536259."
fb683c31445949bd,,,103899,,"Chinese Embassy provides $50,000 disaster relief grant to Grenada’s Ministry of Carriacou & Petite Martinique Affairs","On October 16, 2023, Acting Ambassador Peng Wenlin of the Chinese Embassy in Grenada presented a check for USD 50,000 to Minister Tevin Andrews, representing the Ministry of Carriacou & Petite Martinique Affairs and Local Government. The funds were earmarked for disaster relief and risk management support.",Grenada,GRD,America,2023,740,DISASTER PREVENTION AND PREPAREDNESS,Development,,Grant,ODA,Completion,This project was a donation to Grenada's Ministry of Carriacou and Petite Martinique Affairs. More detailed locational information can be found at: https://www.openstreetmap.org/node/3659520787,,Yes,No,true,"Title: Chinese Embassy provides $50,000 disaster relief grant to Grenada’s Ministry of Carriacou & Petite Martinique Affairs
Description: On October 16, 2023, Acting Ambassador Peng Wenlin of the Chinese Embassy in Grenada presented a check for USD 50,000 to Minister Tevin Andrews, representing the Ministry of Carriacou & Petite Martinique Affairs and Local Government. The funds were earmarked for disaster relief and risk management support.
Country: Grenada
Region: America
Sector: DISASTER PREVENTION AND PREPAREDNESS
Sector code: 740
Theme/intent: Development
Finance type: Grant
Flow class: ODA
Status: Completion
Location: This project was a donation to Grenada's Ministry of Carriacou and Petite Martinique Affairs. More detailed locational information can be found at: https://www.openstreetmap.org/node/3659520787"
3defaf60f826d2be,,,96127,,Chinese Government donates 2.2 million Sinopharm Covid-19 vaccine doses worth $39.6 million in January 2022,"In 2021 and 2022, the Chinese Government and the Chinese Red Cross Society donated approximately 14 million doses of Sinopharm and Sinovac Covid-19 vaccines to the Government of Ethiopia and the Ethiopian Red Cross Society. The Chinese Government delivered 300,000 donated doses of Sinovac Covid-19 vaccines to the Government of Ethiopia on March 29, 2021. Then, on May 13, 2021, China's Ministry of Defense delivered 100,000 donated doses of Sinopharm Covid-19 vaccines to Ethiopia's Ministry of Defense. Approximately one month later, on June 19, 2021, the Chinese Red Cross Society delivered 100,000 donated doses of Sinopharm Covid-19 vaccines to the Ethiopian Red Cross Society. Two months later, on August 19, 2021, China's Ministry of Defense delivered an additional 200,000 donated doses of Sinovac Covid-19 vaccines to Ethiopia's Ministry of Defense. On August 23, 2021, the Chinese Government delivered 300,000 donated doses of Sinopharm Covid-19 vaccines to the Government of Ethiopia’s Ministry of Health. Approximately one month later, on October 24, 2021, Chinese Government delivered 800,000 donated doses of Sinopharm Covid-19 vaccines to the Government of Ethiopia’s Ministry of Health.   Then, in December 2021, the Chinese Government announced that it had donated 2 million additional doses of Sinopharm Covid-19 vaccines to the Government of Ethiopia via COVID-19 Vaccines Global Access (COVAX) — a worldwide initiative aimed at equitable access to COVID-19 vaccines directed by the GAVI vaccine alliance, the Coalition for Epidemic Preparedness Innovations, the World Health Organization, and UNICEF. Then, on January 20, 2022, the Chinese Government delivered 2.2 million donated doses of Sinopharm Covid-19 vaccines to the Government of Ethiopia. The Chinese Government delivered an additional 10 million donated Sinopharm COVID-19 vaccine doses to the Government of Ethiopia’s Ministry of Health on June 27, 2022. According to the Chinese Government, its cumulative donations of Covid-19 vaccine doses to Ethiopia amounted to 500,000 doses as of June 2021, 1.8 million doses as of October 2021, 5 million doses as of December 2021, 7 million doses as of January 2022, 9.7 million doses as of March 2022, and 14 million doses as of June 2022.",Ethiopia,ETH,Africa,2022,120,HEALTH,Development,,Grant,ODA,Completion,"The purpose of this project was for the Chinese Government to donate 2.2 million Sinopharm Covid-19 vaccine doses worth $39.6 million to various agencies in Ethiopia, including the Ministry of Defense, Red Cross Society, and Ministry of Health. More detailed locational information can be found at: https://www.openstreetmap.org/relation/13500137, https://www.openstreetmap.org/way/677962432, https://www.openstreetmap.org/node/3544269084",,Yes,No,true,"Title: Chinese Government donates 2.2 million Sinopharm Covid-19 vaccine doses worth $39.6 million in January 2022
Description: In 2021 and 2022, the Chinese Government and the Chinese Red Cross Society donated approximately 14 million doses of Sinopharm and Sinovac Covid-19 vaccines to the Government of Ethiopia and the Ethiopian Red Cross Society. The Chinese Government delivered 300,000 donated doses of Sinovac Covid-19 vaccines to the Government of Ethiopia on March 29, 2021. Then, on May 13, 2021, China's Ministry of Defense delivered 100,000 donated doses of Sinopharm Covid-19 vaccines to Ethiopia's Ministry of Defense. Approximately one month later, on June 19, 2021, the Chinese Red Cross Society delivered 100,000 donated doses of Sinopharm Covid-19 vaccines to the Ethiopian Red Cross Society. Two months later, on August 19, 2021, China's Ministry of Defense delivered an additional 200,000 donated doses of Sinovac Covid-19 vaccines to Ethiopia's Ministry of Defense. On August 23, 2021, the Chinese Government delivered 300,000 donated doses of Sinopharm Covid-19 vaccines to the Government of Ethiopia’s Ministry of Health. Approximately one month later, on October 24, 2021, Chinese Government delivered 800,000 donated doses of Sinopharm Covid-19 vaccines to the Government of Ethiopia’s Ministry of Health. Then, in December 2021, the Chinese Government announced that it had donated 2 million additional doses of Sinopharm Covid-19 vaccines to the Government of Ethiopia via COVID-19 Vaccines Global Access (COVAX) — a worldwide initiative aimed at equitable access to COVID-19 vaccines directed by the GAVI vaccine alliance, the Coalition for Epidemic Preparedness Innovations, the World Health Organization, and UNICEF. Then, on January 20, 2022, the Chinese Government delivered 2.2 million donated doses of Sinopharm Covid-19 vaccines to the Government of Ethiopia. The Chinese Government delivered an additional 10 million donated Sinopharm COVID-19 vaccine doses to the Government of Ethiopia’s Ministry of Health on June 27, 2022. According to the Chinese Government, its cumulative donations of Covid-19 vaccine doses to Ethiopia amounted to 500,000 doses as of June 2021, 1.8 million doses as of October 2021, 5 million doses as of December 2021, 7 million doses as of January 2022, 9.7 million doses as of March 2022, and 14 million doses as of June 2022.
Country: Ethiopia
Region: Africa
Sector: HEALTH
Sector code: 120
Theme/intent: Development
Finance type: Grant
Flow class: ODA
Status: Completion
Location: The purpose of this project was for the Chinese Government to donate 2.2 million Sinopharm Covid-19 vaccine doses worth $39.6 million to various agencies in Ethiopia, including the Ministry of Defense, Red Cross Society, and Ministry of Health. More detailed locational information can be found at: https://www.openstreetmap.org/relation/13500137, https://www.openstreetmap.org/way/677962432, https://www.openstreetmap.org/node/3544269084"
ab1fc1bfd6fd3af7,,,103006,3256,"Chinese Embassy and Association of Chinese Citizens in Togo donate food, school kits, and toys to Togo","On December 22, 2022, as part of the ""Solidarity Month"" initiative, the Chinese Ambassador to Togo attended the National Solidarity Agency donation ceremony for underprivileged children. The donation, given by the Association of Chinese Citizens in Togo and the Chinese Embassy, included food, school kits, and toys. The monetary value of the donation is unknown.",Togo,TGO,Africa,2022,110,EDUCATION,Development,,Grant,ODA,Completion,The location in which the handover ceremony was held is unknown.,,Yes,No,true,"Title: Chinese Embassy and Association of Chinese Citizens in Togo donate food, school kits, and toys to Togo
Description: On December 22, 2022, as part of the ""Solidarity Month"" initiative, the Chinese Ambassador to Togo attended the National Solidarity Agency donation ceremony for underprivileged children. The donation, given by the Association of Chinese Citizens in Togo and the Chinese Embassy, included food, school kits, and toys. The monetary value of the donation is unknown.
Country: Togo
Region: Africa
Sector: EDUCATION
Sector code: 110
Theme/intent: Development
Finance type: Grant
Flow class: ODA
Status: Completion
Location: The location in which the handover ceremony was held is unknown."
bb05735db4ad55e0,,,96434,3543,"CBVS makes RMB 988,182,600 in drawdowns under currency swap agreement with PBOC in 2020","On March 18, 2015, the Central Bank of Suriname (CBVS) and the People’s Bank of China (PBOC) signed an RMB 1 billion (SRG 520 million) bilateral currency swap agreement to facilitate trade and improve foreign currency liquidity in Suriname. CBVS made three (gross) drawdowns under this currency swap agreement in 2015 and 2016: an RMB 800,000,000 drawdown (tranche 1) between April 30, 2015 and May 2, 2016, an RMB 150,000,000 drawdown (tranche 2) between June 30, 2015 and June 30, 2016, and an RMB 50,000,000 drawdown (tranche 3) between October 23, 2015 and October 24, 2016. The interest rate that applied to these borrowings is unknown. However, it is known that the maturity of each borrowing was approximately 1 year (12 month). Tranche 1 is captured via Record ID#89431. Tranche 2 is captured via Record ID#89432. Tranche 3 is captured via Record ID#89433. CBVS made at least one additional (gross) drawdown worth RMB 1 billion in 2016 (captured via Record ID#96416). The interest rate that applied to this borrowing is unknown. However, it is known that the maturity of the borrowing was approximately 1 year (12 months).   Then, the RMB 1 billion swap agreement between CBVS and the PBOC was ‘extended’ in 2017 and CBVS made three additional (gross) drawdowns under the extended agreement: an RMB 800,000,000 drawdown (tranche 1) between May 11, 2017 to May 11, 2018, an RMB 150,000,000 drawdown (tranche 2) between July 11, 2017 to July 11, 2018, and an RMB 50,000,000 drawdown (tranche 3) between November 6, 2017 to February 6, 2018. The interest rate that applied to these borrowings is unknown. However, it is known that the maturity of each borrowing was approximately 1 year (12 months). Tranche 1 is captured via Record ID#89434. Tranche 2 is captured via Record ID#89435. Tranche 3 is captured via Record ID#89436.  CBVS made at least one additional (gross) drawdown worth RMB 952,718,000 in 2018 (captured via Record ID#96437). The interest rate that applied to this borrowing is unknown. However, it is known that the maturity of the borrowing was approximately 1 year (12 months).   Then, on February 11, 2019, the CBVS and the PBOC renewed their RMB 1 billion (SRG 520 million) bilateral currency swap for another three years. CBVS made at least one additional (gross) drawdown worth RMB 982,000,000 in December 2019. Per CBVS, the RMB 982,000,000 was made available in a subcontract under the renewed (as of February 2019) swap agreement. The amount outstanding under the currency swap at the end of 2019 was RMB 982,000,000. The interest rate that applied to this borrowing is unknown. However, it is known that the maturity of the borrowing was approximately 1 year (12 months). The 2019 drawdown is captured via Record ID#92482.   CBVS made one or more drawdown(s) worth RMB 6,182,600 throughout 2020, which were repaid by December 31 of the same year. Additionally, the RMB 982,000,000 made available in December 2019 was extended (i.e. redrawn) with another approximately 1 year maturity period (until December 2021). As such, the total outstanding amount under the swap line at the end of 2020 was RMB 982,000,000. The 2020 drawdown is captured via Record ID#96434.  Then, in December 2021, on the maturity date for the outstanding RMB 982,000,000 under the swap line, CBVS again extended (i.e. redrew) the RMB 982,000,000 with a final maturity date of February 11, 2022. The amount outstanding at the end of 2021 was RMB 982,000,000. The 2021 drawdown is captured via Record ID#96435.  Then, in February 2022, CBVS repaid approximately $155 million in swap drawings.",Suriname,SUR,America,2020,240,BANKING AND FINANCIAL SERVICES,Mixed,,Loan,OOF,Completion,,,Yes,No,true,"Title: CBVS makes RMB 988,182,600 in drawdowns under currency swap agreement with PBOC in 2020
Description: On March 18, 2015, the Central Bank of Suriname (CBVS) and the People’s Bank of China (PBOC) signed an RMB 1 billion (SRG 520 million) bilateral currency swap agreement to facilitate trade and improve foreign currency liquidity in Suriname. CBVS made three (gross) drawdowns under this currency swap agreement in 2015 and 2016: an RMB 800,000,000 drawdown (tranche 1) between April 30, 2015 and May 2, 2016, an RMB 150,000,000 drawdown (tranche 2) between June 30, 2015 and June 30, 2016, and an RMB 50,000,000 drawdown (tranche 3) between October 23, 2015 and October 24, 2016. The interest rate that applied to these borrowings is unknown. However, it is known that the maturity of each borrowing was approximately 1 year (12 month). Tranche 1 is captured via Record ID#89431. Tranche 2 is captured via Record ID#89432. Tranche 3 is captured via Record ID#89433. CBVS made at least one additional (gross) drawdown worth RMB 1 billion in 2016 (captured via Record ID#96416). The interest rate that applied to this borrowing is unknown. However, it is known that the maturity of the borrowing was approximately 1 year (12 months). Then, the RMB 1 billion swap agreement between CBVS and the PBOC was ‘extended’ in 2017 and CBVS made three additional (gross) drawdowns under the extended agreement: an RMB 800,000,000 drawdown (tranche 1) between May 11, 2017 to May 11, 2018, an RMB 150,000,000 drawdown (tranche 2) between July 11, 2017 to July 11, 2018, and an RMB 50,000,000 drawdown (tranche 3) between November 6, 2017 to February 6, 2018. The interest rate that applied to these borrowings is unknown. However, it is known that the maturity of each borrowing was approximately 1 year (12 months). Tranche 1 is captured via Record ID#89434. Tranche 2 is captured via Record ID#89435. Tranche 3 is captured via Record ID#89436. CBVS made at least one additional (gross) drawdown worth RMB 952,718,000 in 2018 (captured via Record ID#96437). The interest rate that applied to this borrowing is unknown. However, it is known that the maturity of the borrowing was approximately 1 year (12 months). Then, on February 11, 2019, the CBVS and the PBOC renewed their RMB 1 billion (SRG 520 million) bilateral currency swap for another three years. CBVS made at least one additional (gross) drawdown worth RMB 982,000,000 in December 2019. Per CBVS, the RMB 982,000,000 was made available in a subcontract under the renewed (as of February 2019) swap agreement. The amount outstanding under the currency swap at the end of 2019 was RMB 982,000,000. The interest rate that applied to this borrowing is unknown. However, it is known that the maturity of the borrowing was approximately 1 year (12 months). The 2019 drawdown is captured via Record ID#92482. CBVS made one or more drawdown(s) worth RMB 6,182,600 throughout 2020, which were repaid by December 31 of the same year. Additionally, the RMB 982,000,000 made available in December 2019 was extended (i.e. redrawn) with another approximately 1 year maturity period (until December 2021). As such, the total outstanding amount under the swap line at the end of 2020 was RMB 982,000,000. The 2020 drawdown is captured via Record ID#96434. Then, in December 2021, on the maturity date for the outstanding RMB 982,000,000 under the swap line, CBVS again extended (i.e. redrew) the RMB 982,000,000 with a final maturity date of February 11, 2022. The amount outstanding at the end of 2021 was RMB 982,000,000. The 2021 drawdown is captured via Record ID#96435. Then, in February 2022, CBVS repaid approximately $155 million in swap drawings.
Country: Suriname
Region: America
Sector: BANKING AND FINANCIAL SERVICES
Sector code: 240
Theme/intent: Mixed
Finance type: Loan
Flow class: OOF
Status: Completion"
71e9c30eb50b5ade,,,65955,,Chinese government donated aid supplies to Tonga ," On June 21, 2017, according to press release from the Economic and Trade Services of the People's Republic of China in the Kingdom of Tonga, the Chinese government donated aid supplies to Tonga for ""small projects in Nuku'alofa."" Chinese Ambassador to Tonga Ambassador Wang Baodong met with the Speaker of the Tongan Parliament on behalf of their respective governments to sign the transfer certificate. Further details are unknown. ",Tonga,TON,Oceania,2017,998,UNALLOCATED/UNSPECIFIED,Development,,Grant,ODA,Completion,Nuku'alofa,,No,Yes,true,"Title: Chinese government donated aid supplies to Tonga
Description: On June 21, 2017, according to press release from the Economic and Trade Services of the People's Republic of China in the Kingdom of Tonga, the Chinese government donated aid supplies to Tonga for ""small projects in Nuku'alofa."" Chinese Ambassador to Tonga Ambassador Wang Baodong met with the Speaker of the Tongan Parliament on behalf of their respective governments to sign the transfer certificate. Further details are unknown.
Country: Tonga
Region: Oceania
Sector: UNALLOCATED/UNSPECIFIED
Sector code: 998
Theme/intent: Development
Finance type: Grant
Flow class: ODA
Status: Completion
Location: Nuku'alofa"
cc93c68e0c6d9588,,,73864,,Chinese Government donates 22 electricity generators,"On July 16, 2012, the Chinese Government donated 22 1MW electricity generators to Electricité De Guinée (EDG), the country’s state-owned power utility. The generators were earmarked for use in the following towns and cities: Boffa, Gaoual, Koundara, Mali Yimbèrèn, Koubia, Lélouma, Tougué, Kouroussa, Kérouané, Mandiana, Beyla, Yomou, Lola, Macenta, Guékédou, Kissidougou, Banankoro, Sinko, Guéké, Kignéran.",Guinea,GIN,Africa,2012,230,ENERGY,Development,,Grant,ODA,Completion,"This project involved the provision of electricity generators to the following towns and cities: Boffa, Gaoual, Koundara, Mali Yimbèrèn, Koubia, Lélouma, Tougué, Kouroussa, Kérouané, Mandiana, Beyla, Yomou, Lola, Macenta, Guékédou, Kissidougou, Banankoro, Sinko, Guéké, Kignéran.",,Yes,No,true,"Title: Chinese Government donates 22 electricity generators
Description: On July 16, 2012, the Chinese Government donated 22 1MW electricity generators to Electricité De Guinée (EDG), the country’s state-owned power utility. The generators were earmarked for use in the following towns and cities: Boffa, Gaoual, Koundara, Mali Yimbèrèn, Koubia, Lélouma, Tougué, Kouroussa, Kérouané, Mandiana, Beyla, Yomou, Lola, Macenta, Guékédou, Kissidougou, Banankoro, Sinko, Guéké, Kignéran.
Country: Guinea
Region: Africa
Sector: ENERGY
Sector code: 230
Theme/intent: Development
Finance type: Grant
Flow class: ODA
Status: Completion
Location: This project involved the provision of electricity generators to the following towns and cities: Boffa, Gaoual, Koundara, Mali Yimbèrèn, Koubia, Lélouma, Tougué, Kouroussa, Kérouané, Mandiana, Beyla, Yomou, Lola, Macenta, Guékédou, Kissidougou, Banankoro, Sinko, Guéké, Kignéran."
ca8a6b53b909c494,,,85250,2367,China Eximbank provides RMB 80 million government concessional loan for Al Furat Cotton Mill Equipment Modernization Project (Linked to Record ID#65099),"In June 2004, the Chinese Government and the Government of Syria signed a preferential loan framework agreement. Then, according to a dataset of foreign-financed projects that the Syrian Planning Commission (SPC) provided to UNDP Syria in May 2011, the China Eximbank provided an RMB 80 million ($11,776,000) government concessional loan (GCL) in 2006. This loan carried a 10 year maturity and a 3 year grace period. Its interest rate is unknown. The borrower was to use the loan proceeds to finance a commercial contract with China Textile Industrial Corporation for Foreign Economic and Technical Cooperation (CTEXIC).   The purpose of this project was to modernize the equipment of a cotton mill called Al Furat Spinning and Weaving Company (شركة الفرات للغزل والنسيج), which is located on the outskirts of the city of Deir Ez Zour (دير الزور). Its exact locational coordinates are 35°23'42”N, 40°14'26”E.   CTEXIC was the contractor responsible for implementation. The originally expected project implementation start date was January 1, 2006 and the originally expected project completion date was December 31, 2011. On July 9, 2007, the President of CTEXIC met with Dr. Fouad Al Jouni, Syrian Industrial Minister. During that meeting, the project was described as ‘ongoing’. However, a project commencement order was not issued until July 17, 2007. Then, during the second half of 2008, a set of new weaving machines were successfully delivered. ",Syrian Arab Republic,SYR,Middle East,2006,320,"INDUSTRY, MINING, CONSTRUCTION",Development,Yes,Loan,ODA,Implementation,"The purpose of this project was to modernize the equipment of a cotton mill called the Al Furat Spinning and Weaving Company (شركة الفرات للغزل والنسيج), which is located on the outskirts of the city of Deir Ez Zour (دير الزور). Its exact locational coordinates are  35°23'42”N, 40°14'26”E. More detailed locational information can be found at https://www.openstreetmap.org/way/473074242#map=10/35.4085/40.2424.",,Yes,No,true,"Title: China Eximbank provides RMB 80 million government concessional loan for Al Furat Cotton Mill Equipment Modernization Project (Linked to Record ID#65099)
Description: In June 2004, the Chinese Government and the Government of Syria signed a preferential loan framework agreement. Then, according to a dataset of foreign-financed projects that the Syrian Planning Commission (SPC) provided to UNDP Syria in May 2011, the China Eximbank provided an RMB 80 million ($11,776,000) government concessional loan (GCL) in 2006. This loan carried a 10 year maturity and a 3 year grace period. Its interest rate is unknown. The borrower was to use the loan proceeds to finance a commercial contract with China Textile Industrial Corporation for Foreign Economic and Technical Cooperation (CTEXIC). The purpose of this project was to modernize the equipment of a cotton mill called Al Furat Spinning and Weaving Company (شركة الفرات للغزل والنسيج), which is located on the outskirts of the city of Deir Ez Zour (دير الزور). Its exact locational coordinates are 35°23'42”N, 40°14'26”E. CTEXIC was the contractor responsible for implementation. The originally expected project implementation start date was January 1, 2006 and the originally expected project completion date was December 31, 2011. On July 9, 2007, the President of CTEXIC met with Dr. Fouad Al Jouni, Syrian Industrial Minister. During that meeting, the project was described as ‘ongoing’. However, a project commencement order was not issued until July 17, 2007. Then, during the second half of 2008, a set of new weaving machines were successfully delivered.
Country: Syrian Arab Republic
Region: Middle East
Sector: INDUSTRY, MINING, CONSTRUCTION
Sector code: 320
Theme/intent: Development
Infrastructure: Yes
Finance type: Loan
Flow class: ODA
Status: Implementation
Location: The purpose of this project was to modernize the equipment of a cotton mill called the Al Furat Spinning and Weaving Company (شركة الفرات للغزل والنسيج), which is located on the outskirts of the city of Deir Ez Zour (دير الزور). Its exact locational coordinates are 35°23'42”N, 40°14'26”E. More detailed locational information can be found at https://www.openstreetmap.org/way/473074242#map=10/35.4085/40.2424."
a44f00f9bfa2ec7c,,,107187,,"21st batch of Chinese peacekeeping force provides medical care services to Mare, Lebanon","On April 19, 2023, the 21st Chinese Peacekeeping Level-1+ Hospital to United Nations Interim Force in Lebanon (UNIFIL) sent medical personnel to Mare, a village in southern Lebanon near the Lebanon-Israel border, to carry out itinerant medical visits. The team contacted local clinics and donated a total of 23 varieties of commonly used drugs, including antibiotics and externally applied agents, which greatly alleviated the medicine shortage difficulty therein (recorded in ID #107186). The team also dispatched a medical team for itinerant visits to provide on-site medical services to local patients (recorded in this project).",Lebanon,LBN,Middle East,2023,120,HEALTH,Development,,Free-standing technical assistance,ODA,Completion,"The 21st Chinese Peacekeeping Level-1+ Hospital to United Nations Interim Force in Lebanon (UNIFIL) sent medical personnel to Mare, a village in southern Lebanon near the Lebanon-Israel border, to carry out itinerant medical visits. More detailed locational information can be found at https://www.openstreetmap.org/relation/318236.",,Yes,No,true,"Title: 21st batch of Chinese peacekeeping force provides medical care services to Mare, Lebanon
Description: On April 19, 2023, the 21st Chinese Peacekeeping Level-1+ Hospital to United Nations Interim Force in Lebanon (UNIFIL) sent medical personnel to Mare, a village in southern Lebanon near the Lebanon-Israel border, to carry out itinerant medical visits. The team contacted local clinics and donated a total of 23 varieties of commonly used drugs, including antibiotics and externally applied agents, which greatly alleviated the medicine shortage difficulty therein (recorded in ID #107186). The team also dispatched a medical team for itinerant visits to provide on-site medical services to local patients (recorded in this project).
Country: Lebanon
Region: Middle East
Sector: HEALTH
Sector code: 120
Theme/intent: Development
Finance type: Free-standing technical assistance
Flow class: ODA
Status: Completion
Location: The 21st Chinese Peacekeeping Level-1+ Hospital to United Nations Interim Force in Lebanon (UNIFIL) sent medical personnel to Mare, a village in southern Lebanon near the Lebanon-Israel border, to carry out itinerant medical visits. More detailed locational information can be found at https://www.openstreetmap.org/relation/318236."
a5605365c730e207,,,86705,,Mamba Cement Company donates money to repair local primary school and provide teaching equipment and support to teachers,"Before August 2018, Mamba Cement Company (Pty) Ltd, a joint venture with a majority stake held by Jidong Development Group and China-Africa Development fund (see Record ID#16650), donated money to repair the local primary school located near the Mamba Cement Plant in Limpopo Province, as well as providing teaching equipment and support to the school's teachers. The monetary value of this donation is unknown.  Mamba Cement Company is a joint venture for the $217 million USD Mamba Cement project. It includes South Africa's Women Investment Portfolio Holdings Limited (Wiphold) with a 23.9% stake, South African limestone mining company Continental Cement with a 25.1% stake, and Jidong Development Group and China-Africa Development Fund, which together hold a majority 51% stake. ",South Africa,ZAF,Africa,2018,110,EDUCATION,Development,Yes,Grant,ODA,Completion,This donation supported a primary school near the Mamba Cement Plant in Limpopo Province. More detailed locational information for Mamba Cement Plan can be found at https://www.openstreetmap.org/way/739107078,,Yes,No,true,"Title: Mamba Cement Company donates money to repair local primary school and provide teaching equipment and support to teachers
Description: Before August 2018, Mamba Cement Company (Pty) Ltd, a joint venture with a majority stake held by Jidong Development Group and China-Africa Development fund (see Record ID#16650), donated money to repair the local primary school located near the Mamba Cement Plant in Limpopo Province, as well as providing teaching equipment and support to the school's teachers. The monetary value of this donation is unknown. Mamba Cement Company is a joint venture for the $217 million USD Mamba Cement project. It includes South Africa's Women Investment Portfolio Holdings Limited (Wiphold) with a 23.9% stake, South African limestone mining company Continental Cement with a 25.1% stake, and Jidong Development Group and China-Africa Development Fund, which together hold a majority 51% stake.
Country: South Africa
Region: Africa
Sector: EDUCATION
Sector code: 110
Theme/intent: Development
Infrastructure: Yes
Finance type: Grant
Flow class: ODA
Status: Completion
Location: This donation supported a primary school near the Mamba Cement Plant in Limpopo Province. More detailed locational information for Mamba Cement Plan can be found at https://www.openstreetmap.org/way/739107078"
e156ed65614e552f,,,37671,,China pledges $2.5 million USD of tied project aid to PNG,"
 On May 30, 2001, Papua New Guinea said China would give it a ""no-strings-attached"" cash grant of  $US2.5 million ($A4.86 million) in tied project aid. PNG Prime Minister Sir Mekere Morauta announced the aid after a meeting with Chinese Premier Zhu Rongji in Beijing. 
 ",Papua New Guinea,PNG,Oceania,2001,998,UNALLOCATED/UNSPECIFIED,Development,,Grant,ODA,Pipeline: Pledge,,,No,Yes,true,"Title: China pledges $2.5 million USD of tied project aid to PNG
Description: On May 30, 2001, Papua New Guinea said China would give it a ""no-strings-attached"" cash grant of $US2.5 million ($A4.86 million) in tied project aid. PNG Prime Minister Sir Mekere Morauta announced the aid after a meeting with Chinese Premier Zhu Rongji in Beijing.
Country: Papua New Guinea
Region: Oceania
Sector: UNALLOCATED/UNSPECIFIED
Sector code: 998
Theme/intent: Development
Finance type: Grant
Flow class: ODA
Status: Pipeline: Pledge"
2c9cdb0657209d05,,,34330,,China increases number of scholarships available to Vietnamese students (Linked to Record ID#34331),"On May 20, 2002, China agreed to increase its scholarship program in Vietnam from 130 to 200 students per year, from now until 2004. This occurred during Chinese Deputy Education Minister Zhang Tianbao's 9-day visit in Vietnam. Other details like the status of the project is not unknown. 
 
 During the visit, Zhang offered 500 textbooks to Vietnamese colleges (See Record ID#34331)
 
 ",Viet Nam,VNM,Asia,2002,110,EDUCATION,Development,,Scholarships/training in the donor country,ODA,Pipeline: Pledge,,,No,No,true,"Title: China increases number of scholarships available to Vietnamese students (Linked to Record ID#34331)
Description: On May 20, 2002, China agreed to increase its scholarship program in Vietnam from 130 to 200 students per year, from now until 2004. This occurred during Chinese Deputy Education Minister Zhang Tianbao's 9-day visit in Vietnam. Other details like the status of the project is not unknown. During the visit, Zhang offered 500 textbooks to Vietnamese colleges (See Record ID#34331)
Country: Viet Nam
Region: Asia
Sector: EDUCATION
Sector code: 110
Theme/intent: Development
Finance type: Scholarships/training in the donor country
Flow class: ODA
Status: Pipeline: Pledge"
2c58ed8521fde144,,,107966,,Chinese government donates 26 motorcycles and 100 computers to Sri Lankan Police ,"On November 10, 2023, the Chinese government donated 26 Ranomoto motorcycles and 100 Lenovo desktop computers to the Sri Lanka Police.",Sri Lanka,LKA,Asia,2023,150,GOVERNMENT AND CIVIL SOCIETY,Development,,Grant,ODA,Completion,,,Yes,No,true,"Title: Chinese government donates 26 motorcycles and 100 computers to Sri Lankan Police
Description: On November 10, 2023, the Chinese government donated 26 Ranomoto motorcycles and 100 Lenovo desktop computers to the Sri Lanka Police.
Country: Sri Lanka
Region: Asia
Sector: GOVERNMENT AND CIVIL SOCIETY
Sector code: 150
Theme/intent: Development
Finance type: Grant
Flow class: ODA
Status: Completion"
be0409f101349f79,,,109024,4889,"ICBC provides $893,508 in import financing loans to Edenor","In the first quarter of 2023, Empresa Distribuidora y Comercializadora Norte S.A (Edenor) borrowed multiple import financing loans from the Industrial and Commercial Bank of China (ICBC) totaling at least $893,508. These borrowings carried maturities of, at most, 1 year and an interest rate of 14%. The amount outstanding under these loans at both June 30, 2023 and September 30, 2023 was $449,896.  Then, in the fourth quarter of 2023, Edenor borrowed multiple import financing loans from ICBC worth CNY 2,489,696 in total. These borrowings carried maturities of no more than 1 year and an interest rate of 15.5%.",Argentina,ARG,America,2023,230,ENERGY,Commercial,,Loan,OOF,Completion,,,Yes,No,true,"Title: ICBC provides $893,508 in import financing loans to Edenor
Description: In the first quarter of 2023, Empresa Distribuidora y Comercializadora Norte S.A (Edenor) borrowed multiple import financing loans from the Industrial and Commercial Bank of China (ICBC) totaling at least $893,508. These borrowings carried maturities of, at most, 1 year and an interest rate of 14%. The amount outstanding under these loans at both June 30, 2023 and September 30, 2023 was $449,896. Then, in the fourth quarter of 2023, Edenor borrowed multiple import financing loans from ICBC worth CNY 2,489,696 in total. These borrowings carried maturities of no more than 1 year and an interest rate of 15.5%.
Country: Argentina
Region: America
Sector: ENERGY
Sector code: 230
Theme/intent: Commercial
Finance type: Loan
Flow class: OOF
Status: Completion"
4f7715191b7f5ecf,,,101746,,Chinese Embassy inaugurates sports hall at Mauritius Universal College in June 2022,"On June 23, 2022, an inauguration ceremony was held for a new Chinese Embassy-supported sports hall at Mauritius Universal College. The sports hall will provide students with a well-equipped gym for physical exercise. The monetary value of the project is unknown.",Mauritius,MUS,Africa,2022,110,EDUCATION,Development,,Grant,ODA,Completion,"Chinese Embassy inaugurates sports hall at Mauritius Universal College located at Route de la Temple, Rivière du Rempart, Mauritius. More detailed locational information can be found at: https://www.openstreetmap.org/node/4641492871",,Yes,No,true,"Title: Chinese Embassy inaugurates sports hall at Mauritius Universal College in June 2022
Description: On June 23, 2022, an inauguration ceremony was held for a new Chinese Embassy-supported sports hall at Mauritius Universal College. The sports hall will provide students with a well-equipped gym for physical exercise. The monetary value of the project is unknown.
Country: Mauritius
Region: Africa
Sector: EDUCATION
Sector code: 110
Theme/intent: Development
Finance type: Grant
Flow class: ODA
Status: Completion
Location: Chinese Embassy inaugurates sports hall at Mauritius Universal College located at Route de la Temple, Rivière du Rempart, Mauritius. More detailed locational information can be found at: https://www.openstreetmap.org/node/4641492871"
a9e0ef0f4688cfe1,,,63257,,China Eximbank provides RMB 2.34 billion government concessional loan for Samal Island-Davao City Connector Project,"On October 29, 2018,  the Chinese Government and the Government of the Republic of the Philippines signed letters of exchange regarding a feasibility study for the Samal Island-Davao City Connector Project. The feasibility study was undertaken by Ove Arup & Partners Hong Kong Ltd. On November 29, 2019, the National Economic and Development Authority (NEDA) Board confirmed the Investment Coordination Committee’s approval of the Samal Island-Davao City Connector Project. Then on January 29, 2021, the Government of the Republic of the Philippines submitted a loan application to China Eximbank for the Samal Island-Davao City Connector Project. It submitted a revised application on April 26, 2021.   Approximately one year later, on May 31, 2022, China Eximbank and the Government of the Republic of the Philippines signed an RMB 2,340,814,593.53 government concessional loan (GCL) agreement [NO. GCL20220060763] for the Samal Island-Davao City Connector Project. The GCL carries the following borrowing terms: a 20-year maturity, a 7-year grace period, a 2% interest rate, a 0% default (penalty) interest rate, a 0.25% commitment fee, and a 0.25% (RMB 5,852,036.48) management fee. The borrower is expected to use the GCL proceeds to finance 90% of the cost of a PHP 19,321,083,655  commercial contract [No. 20Z00008] between the Department of Public Works and Highways of the Government of the Republic of the Philippines and China Road and Bridge Corporation (CRBC), which was signed on January 4, 2021.   The purpose of the Samal Island-Davao City Connector Project is to provide a permanent road linkage between Davao City and the Island Garden City of Samal, thereby reducing travel time and dependency on ferry services. The project will connect the Samal Circumferential Road in Barangay Limao, Island Garden City of Samal to Davao City in between R. Castillo-Daang Maharlika junction, crossing over Pakiputan Strait. The project has an approximate length of 3.98km which involves the construction of i) a toll-free 4-lane extradosed bridge with an approximate length of 2.8 kilometers and a width of 24.2 meters; and ii) interchanges with the existing road network, local existing junction improvements, viaducts over sections of land, and approach bridges over the marine area.   China Road and Bridge Corporation (CRBC) is the contractor responsible for project implementation. An official project commencement ceremony took place on July 6, 2022.   Construction has experience delays due to ongoing issues related to Right-of-Way (ROW) acquisition, which has led to a delay in geotechnical investigation activities required for the Detailed Engineering Design (DED). As of July 22, 2024, bored piling works for the land viaduct were actively underway as part of the civil works. DPWH noted that the project is progressing despite earlier right-of-way delays.",Philippines,PHL,Asia,2022,210,TRANSPORT AND STORAGE,Development,Yes,Loan,ODA,Implementation,"The purpose of the Samal Island-Davao City Connector Project is to provide a permanent road linkage between Davao City and the Island Garden City of Samal, thereby reducing travel time and dependency on ferry services. The project will connect the Samal Circumferential Road in Barangay Limao, Island Garden City of Samal to Davao City in between R. Castillo-Daang Maharlika junction, crossing over Pakiputan Strait. The project has an approximate length of 3.98km which involves the construction of i) a toll-free 4-lane extradosed bridge with an approximate length of 2.8 kilometers and a width of 24.2 meters; and ii) interchanges with the existing road network, local existing junction improvements, viaducts over sections of land, and approach bridges over marine area. More detailed locational information can be found at https://www.openstreetmap.org/way/751002383, https://www.openstreetmap.org/way/382663668, https://www.openstreetmap.org/way/1255943160, https://www.openstreetmap.org/way/1255943150 and https://www.openstreetmap.org/way/1255943156.",https://www.dropbox.com/s/sjutktlddzrfuwl/China%20Eximbank%20GCL%20agreement%20for%20the%20Samal%20Island-Davao%20City%20Connector%20Project.pdf?dl=0,Yes,No,true,"Title: China Eximbank provides RMB 2.34 billion government concessional loan for Samal Island-Davao City Connector Project
Description: On October 29, 2018, the Chinese Government and the Government of the Republic of the Philippines signed letters of exchange regarding a feasibility study for the Samal Island-Davao City Connector Project. The feasibility study was undertaken by Ove Arup & Partners Hong Kong Ltd. On November 29, 2019, the National Economic and Development Authority (NEDA) Board confirmed the Investment Coordination Committee’s approval of the Samal Island-Davao City Connector Project. Then on January 29, 2021, the Government of the Republic of the Philippines submitted a loan application to China Eximbank for the Samal Island-Davao City Connector Project. It submitted a revised application on April 26, 2021. Approximately one year later, on May 31, 2022, China Eximbank and the Government of the Republic of the Philippines signed an RMB 2,340,814,593.53 government concessional loan (GCL) agreement [NO. GCL20220060763] for the Samal Island-Davao City Connector Project. The GCL carries the following borrowing terms: a 20-year maturity, a 7-year grace period, a 2% interest rate, a 0% default (penalty) interest rate, a 0.25% commitment fee, and a 0.25% (RMB 5,852,036.48) management fee. The borrower is expected to use the GCL proceeds to finance 90% of the cost of a PHP 19,321,083,655 commercial contract [No. 20Z00008] between the Department of Public Works and Highways of the Government of the Republic of the Philippines and China Road and Bridge Corporation (CRBC), which was signed on January 4, 2021. The purpose of the Samal Island-Davao City Connector Project is to provide a permanent road linkage between Davao City and the Island Garden City of Samal, thereby reducing travel time and dependency on ferry services. The project will connect the Samal Circumferential Road in Barangay Limao, Island Garden City of Samal to Davao City in between R. Castillo-Daang Maharlika junction, crossing over Pakiputan Strait. The project has an approximate length of 3.98km which involves the construction of i) a toll-free 4-lane extradosed bridge with an approximate length of 2.8 kilometers and a width of 24.2 meters; and ii) interchanges with the existing road network, local existing junction improvements, viaducts over sections of land, and approach bridges over the marine area. China Road and Bridge Corporation (CRBC) is the contractor responsible for project implementation. An official project commencement ceremony took place on July 6, 2022. Construction has experience delays due to ongoing issues related to Right-of-Way (ROW) acquisition, which has led to a delay in geotechnical investigation activities required for the Detailed Engineering Design (DED). As of July 22, 2024, bored piling works for the land viaduct were actively underway as part of the civil works. DPWH noted that the project is progressing despite earlier right-of-way delays.
Country: Philippines
Region: Asia
Sector: TRANSPORT AND STORAGE
Sector code: 210
Theme/intent: Development
Infrastructure: Yes
Finance type: Loan
Flow class: ODA
Status: Implementation
Location: The purpose of the Samal Island-Davao City Connector Project is to provide a permanent road linkage between Davao City and the Island Garden City of Samal, thereby reducing travel time and dependency on ferry services. The project will connect the Samal Circumferential Road in Barangay Limao, Island Garden City of Samal to Davao City in between R. Castillo-Daang Maharlika junction, crossing over Pakiputan Strait. The project has an approximate length of 3.98km which involves the construction of i) a toll-free 4-lane extradosed bridge with an approximate length of 2.8 kilometers and a width of 24.2 meters; and ii) interchanges with the existing road network, local existing junction improvements, viaducts over sections of land, and approach bridges over marine area. More detailed locational information can be found at https://www.openstreetmap.org/way/751002383, https://www.openstreetmap.org/way/382663668, https://www.openstreetmap.org/way/1255943160, https://www.openstreetmap.org/way/1255943150 and https://www.openstreetmap.org/way/1255943156."
ba12ac555fcc477d,,,105551,,China Construction Bank contributes $778.3 million to $3.5 billion loan for acquisition of 20% participating interest in Block 16 and Tivacuno service contracts in Ecuador,"On December 13, 2013, Tiptop Energy Limited (a special purpose vehicle legally incorporated in Hong Kong) and Sinopec Century Bright Capital Investment Limited signed a $3.5 billion syndicated loan agreement with 17 banks. The loan carried a 5-year maturity and an interest rate of LIBOR plus a 1.23% margin. It was guaranteed by China Petrochemical Corporation (Sinopec Group).   The 17 members of the lending syndicate were from Asia, North America, Europe, Australia, and the Middle East. They included China Construction Bank Corporation, The Bank of Tokyo-Mitsubishi UFJ, Ltd., Citi, The Hongkong and Shanghai Banking Corporation Limited, The Royal Bank of Scotland plc, and United Overseas Bank Limited (all of whom acted as the mandated lead arrangers, bookrunners, and underwriters to the loan). Other participants included First Gulf Bank, Scotiabank, Commonwealth Bank of Australia, JPMorgan Chase Hong Kong Branch, National Australia Bank, Societe Generale, and the Hong Kong Branch of National Bank of Abu Dhabi. China Construction Bank contributed $778.33 million to the loan syndicate.   The borrower was expected to use the proceeds of the loan to facilitate Sinopec International Petroleum Exploration and Production Corporation’s acquisition of a 100% ownership stake in Amodaimi Oil Company, Ltd. from Repsol Ecuador S.A.  The acquisition was completed on September 26, 2012. Its completion effectively granted Sinopec International Petroleum Exploration and Production Corporation a 20% participating interest in Block 16 and Tivacuno service contracts in Ecuador.",Ecuador,ECU,America,2013,320,"INDUSTRY, MINING, CONSTRUCTION",Commercial,,Loan,OOF,Completion,,,Yes,No,true,"Title: China Construction Bank contributes $778.3 million to $3.5 billion loan for acquisition of 20% participating interest in Block 16 and Tivacuno service contracts in Ecuador
Description: On December 13, 2013, Tiptop Energy Limited (a special purpose vehicle legally incorporated in Hong Kong) and Sinopec Century Bright Capital Investment Limited signed a $3.5 billion syndicated loan agreement with 17 banks. The loan carried a 5-year maturity and an interest rate of LIBOR plus a 1.23% margin. It was guaranteed by China Petrochemical Corporation (Sinopec Group). The 17 members of the lending syndicate were from Asia, North America, Europe, Australia, and the Middle East. They included China Construction Bank Corporation, The Bank of Tokyo-Mitsubishi UFJ, Ltd., Citi, The Hongkong and Shanghai Banking Corporation Limited, The Royal Bank of Scotland plc, and United Overseas Bank Limited (all of whom acted as the mandated lead arrangers, bookrunners, and underwriters to the loan). Other participants included First Gulf Bank, Scotiabank, Commonwealth Bank of Australia, JPMorgan Chase Hong Kong Branch, National Australia Bank, Societe Generale, and the Hong Kong Branch of National Bank of Abu Dhabi. China Construction Bank contributed $778.33 million to the loan syndicate. The borrower was expected to use the proceeds of the loan to facilitate Sinopec International Petroleum Exploration and Production Corporation’s acquisition of a 100% ownership stake in Amodaimi Oil Company, Ltd. from Repsol Ecuador S.A. The acquisition was completed on September 26, 2012. Its completion effectively granted Sinopec International Petroleum Exploration and Production Corporation a 20% participating interest in Block 16 and Tivacuno service contracts in Ecuador.
Country: Ecuador
Region: America
Sector: INDUSTRY, MINING, CONSTRUCTION
Sector code: 320
Theme/intent: Commercial
Finance type: Loan
Flow class: OOF
Status: Completion"
6a358c6ac97a9626,,,34178,,Chinese Government provides grant for establishment of Anti-Malaria Center at Ad-Damazin Friendship Hospital,"On 21 September 2009, the Chinese and Sudanese Governments signed letters of exchange to an anti-malaria center at the Ad-Damazin Friendship Hospital.establish the malaria center. The Chinese Government provided a grant of an unknown value for this project. The official opening ceremony for the center was held on 20 October 2009. All other project details are unknown. ",Sudan,SDN,Africa,2009,120,HEALTH,Development,Yes,Grant,ODA,Completion,"The Ad-Damazin Friendship Hospital is located in the city of Ad-Damazin (الدمازين), which is the capital city of Blue Nile State. More detailed locational information can be found at https://www.google.com/maps/place/Damazin+General+Hospital/@11.7950869,34.3639704,15z/data=!4m2!3m1!1s0x0:0x1372fac930760e56?sa=X&ved=2ahUKEwjtjpuTn4_sAhU6kHIEHXbkAGoQ_BIwE3oECBcQCA and https://www.openstreetmap.org/way/200437958.",,Yes,No,true,"Title: Chinese Government provides grant for establishment of Anti-Malaria Center at Ad-Damazin Friendship Hospital
Description: On 21 September 2009, the Chinese and Sudanese Governments signed letters of exchange to an anti-malaria center at the Ad-Damazin Friendship Hospital.establish the malaria center. The Chinese Government provided a grant of an unknown value for this project. The official opening ceremony for the center was held on 20 October 2009. All other project details are unknown.
Country: Sudan
Region: Africa
Sector: HEALTH
Sector code: 120
Theme/intent: Development
Infrastructure: Yes
Finance type: Grant
Flow class: ODA
Status: Completion
Location: The Ad-Damazin Friendship Hospital is located in the city of Ad-Damazin (الدمازين), which is the capital city of Blue Nile State. More detailed locational information can be found at https://www.google.com/maps/place/Damazin+General+Hospital/@11.7950869,34.3639704,15z/data=!4m2!3m1!1s0x0:0x1372fac930760e56?sa=X&ved=2ahUKEwjtjpuTn4_sAhU6kHIEHXbkAGoQ_BIwE3oECBcQCA and https://www.openstreetmap.org/way/200437958."
79c49237ee47e4a3,,,53620,,China Eximbank to loan US$475 million for Maduru Oya Right Bank Development in Sri Lanka,"Based on a 2017 Performance Report by Sri Lanka's Department of External Resources, the China Exim Bank is expected to finalize a concessional loan of US$475 million for the Maduru Oya Right Bank Development Project in 2018 It was included in a Memorandum of Understanding signed between China and Sri Lanka on April 7th, 2016 The Maduru Oya project will aim to develop drinking water and irrigation for the districts of Pollonnaruwa, and it was approved by the Cabinet in September 2016 to be implemented during the period of 2017-2020 With this project, 39,000 hectares will be newly developed. The sluice will be raised by two cubic meters. The additional water will also increase by a capacity of 229 cubic meters, and it will directly benefit 12.000 farming families. The total estimated cost is 6.969 trillion Sri Lanka rupees  On October 26, 2016, China CAMC Engineering Co., Ltd. (CAMCE) signed the contract of Maduru Oya Right Bank Development Project with the Sri Lanka Ministry of Mahaweli Development and Environment in Colombo, the capital of Sri Lanka. Chairman of CAMCE, Luo Yan, and Mr. Udaya R. Senevirathne, Secretary of Ministry of Mahaweli Development and Environment, signed the contract. The construction period will be 48 months. According to a media report published on May 17, 2017, President Maithripala Sirisena said that the development work of the Maduru Oya Right Bank Project will be implemented in 2017 However, there is no new news on whether the implementation was completed.  According to the 2018 Performance Report of Sri Lanka's Ministry of Finance, Department of External Resources, the loan for the Maduru Oya Right Bank Development Project is identified to be included in the pipeline for financing from EXIM Bank of China However, no financial agreement was found. Also, the project is not mentioned in any annual reports of China Eximbank from the year 2016 to 2020. The current status of this project is Pipeline: Pledge.",Sri Lanka,LKA,Asia,2017,310,"AGRICULTURE, FORESTRY, FISHING",Development,Yes,Loan,ODA,Pipeline: Pledge,"Sri Lanka Maduru Oya Right Bank Development Project is located in the eastern province of Sri Lanka, and includes the construction of irrigation infrastructures such as canal system, cascade reservoirs, and related structures; and social infrastructure such as area center and village center with adequate health, educational and other support social facilities with the road network.",,No,No,true,"Title: China Eximbank to loan US$475 million for Maduru Oya Right Bank Development in Sri Lanka
Description: Based on a 2017 Performance Report by Sri Lanka's Department of External Resources, the China Exim Bank is expected to finalize a concessional loan of US$475 million for the Maduru Oya Right Bank Development Project in 2018 It was included in a Memorandum of Understanding signed between China and Sri Lanka on April 7th, 2016 The Maduru Oya project will aim to develop drinking water and irrigation for the districts of Pollonnaruwa, and it was approved by the Cabinet in September 2016 to be implemented during the period of 2017-2020 With this project, 39,000 hectares will be newly developed. The sluice will be raised by two cubic meters. The additional water will also increase by a capacity of 229 cubic meters, and it will directly benefit 12.000 farming families. The total estimated cost is 6.969 trillion Sri Lanka rupees On October 26, 2016, China CAMC Engineering Co., Ltd. (CAMCE) signed the contract of Maduru Oya Right Bank Development Project with the Sri Lanka Ministry of Mahaweli Development and Environment in Colombo, the capital of Sri Lanka. Chairman of CAMCE, Luo Yan, and Mr. Udaya R. Senevirathne, Secretary of Ministry of Mahaweli Development and Environment, signed the contract. The construction period will be 48 months. According to a media report published on May 17, 2017, President Maithripala Sirisena said that the development work of the Maduru Oya Right Bank Project will be implemented in 2017 However, there is no new news on whether the implementation was completed. According to the 2018 Performance Report of Sri Lanka's Ministry of Finance, Department of External Resources, the loan for the Maduru Oya Right Bank Development Project is identified to be included in the pipeline for financing from EXIM Bank of China However, no financial agreement was found. Also, the project is not mentioned in any annual reports of China Eximbank from the year 2016 to 2020. The current status of this project is Pipeline: Pledge.
Country: Sri Lanka
Region: Asia
Sector: AGRICULTURE, FORESTRY, FISHING
Sector code: 310
Theme/intent: Development
Infrastructure: Yes
Finance type: Loan
Flow class: ODA
Status: Pipeline: Pledge
Location: Sri Lanka Maduru Oya Right Bank Development Project is located in the eastern province of Sri Lanka, and includes the construction of irrigation infrastructures such as canal system, cascade reservoirs, and related structures; and social infrastructure such as area center and village center with adequate health, educational and other support social facilities with the road network."
6c4274e9484e42a7,,,54406,,China provided 1205 sets of farming YTO-X904 tractors to Kyrgyzstan,"In August 2006, China provided in total 1,205 sets of farming YTO-X904 tractors to Kyrgyzstan on a short notice. President Askar Akayew of Kyrgyzstan wrote twice to President Hu Jintao expressing his thanks.",Kyrgyz Republic,KGZ,Asia,2006,310,"AGRICULTURE, FORESTRY, FISHING",Development,,Grant,ODA,Completion,,,Yes,No,true,"Title: China provided 1205 sets of farming YTO-X904 tractors to Kyrgyzstan
Description: In August 2006, China provided in total 1,205 sets of farming YTO-X904 tractors to Kyrgyzstan on a short notice. President Askar Akayew of Kyrgyzstan wrote twice to President Hu Jintao expressing his thanks.
Country: Kyrgyz Republic
Region: Asia
Sector: AGRICULTURE, FORESTRY, FISHING
Sector code: 310
Theme/intent: Development
Finance type: Grant
Flow class: ODA
Status: Completion"
c671f65c4914ab3f,,,69181,,China Eximbank pledges to finance Chemoga-Yeda Hydropower Project,"In 2009, the Ethiopian Electric Power Corporation (EEPCo) signed a $555 million contract with Sinohydro Corporation for construction of Chemoga Yeda hydroelectric facility in northwestern Ethiopia. China Eximbank agreed, in principle, to finance the project. Details about the nature of this financing are unknown.
 
 This dam was going to be located in the Gojjam area of the Amhara Regional State (""see China banks to extend ±1 bil USD loans to Ethiopia: Aysha II wind power & aircraft purchases: Threat to Boeing’s future in Ethiopia?""). 
 
 However, China Eximbank ultimately decided to delay the project due the concerns raised by downstream countries. 
 ",Ethiopia,ETH,Africa,2009,230,ENERGY,Development,Yes,Vague TBD,Vague (ODA or OOF),Pipeline: Pledge,Amhara Regional State,,No,No,true,"Title: China Eximbank pledges to finance Chemoga-Yeda Hydropower Project
Description: In 2009, the Ethiopian Electric Power Corporation (EEPCo) signed a $555 million contract with Sinohydro Corporation for construction of Chemoga Yeda hydroelectric facility in northwestern Ethiopia. China Eximbank agreed, in principle, to finance the project. Details about the nature of this financing are unknown. This dam was going to be located in the Gojjam area of the Amhara Regional State (""see China banks to extend ±1 bil USD loans to Ethiopia: Aysha II wind power & aircraft purchases: Threat to Boeing’s future in Ethiopia?""). However, China Eximbank ultimately decided to delay the project due the concerns raised by downstream countries.
Country: Ethiopia
Region: Africa
Sector: ENERGY
Sector code: 230
Theme/intent: Development
Infrastructure: Yes
Finance type: Vague TBD
Flow class: Vague (ODA or OOF)
Status: Pipeline: Pledge
Location: Amhara Regional State"
2153e6b2e34e5a21,,,69599,2243,Bank of China contributes $122.4 million to overseas investment loan for Phase 1 of 244MW Sorik Marapi Geothermal Power Plant Construction Project (Linked to Record ID#62261),"On December 8, 2016, Zhejiang Kaishan Compressor Co., Ltd (Kaishan) and Zhejiang Branch of China Eximbank signed a loan intention agreement for Phase 1 of 244MW Sorik Marapi Geothermal Power Plant Construction Project. Then, in October 2017, PT Sorik Marapi Geothermal Power (SMGP) — a special purpose vehicle that is majority-owned by KS Orka — signed a $244.8 million overseas investment loan (境外投资贷款) agreement with Bank of China and China Eximbank for Phase 1 of Sorik Marapi Geothermal Power Plant Construction Project. Bank of China contributed $122.4 million (captured via Record ID#69599) and China Eximbank contributed $122.4 million (captured via Record ID#62261). The maturity of the loan was 10 years. However, its interest rate and grace period are unknown.   This project involved the construction of a 3 x 80MW geothermal power plant in Sibanggor Julu Village, Puncak Sorik Marapi District, Mandailing Natal Regency, and North Sumatra Province. Phase 1 of the project involved the installation of 126MW power generation capacity. PowerChina was the EPC contractor responsible for implementation. Zhejiang Kaishan Compressor Co., Ltd (Kaishan) was also involved in project implementation. On October 16, 2016, drilling operations commenced. Construction of the first phase was completed on June 6, 2018. Unit 1 achieved its commercial operations date (COD) and supplied electricity to the PLN’s Panyabungan substation on 28 September 2019.   The electricity connection from the power plant to the main substation of PT PLN (Persero) was officially inaugurated on February 13, 2020. Then, in January 2021, a high-pressure burst of gas from one of the geothermal wells killed five people and injured 24 other people. Nearly 20 villagers were hospitalized. The gas leak happened when employees of Kaishan were commissioning a geothermal well. Two more gas leaks occurred in 2022 resulting in hospitalizations, and a hot mud eruption in April 2025 destroyed more than four hectares of farmland.",Indonesia,IDN,Asia,2017,230,ENERGY,Mixed,Yes,Loan,OOF,Completion,"This project involved the construction of a 3 x 80MW geothermal power plant in Sibanggor Julu Village, Puncak Sorik Marapi District, Mandailing Natal Regency, and North Sumatra Province. Phase 1 involved the installation of 126MW power generation capacity. More detailed locational information can be found at https://www.openstreetmap.org/way/299975400 and https://www.openstreetmap.org/way/938146459",,Yes,No,true,"Title: Bank of China contributes $122.4 million to overseas investment loan for Phase 1 of 244MW Sorik Marapi Geothermal Power Plant Construction Project (Linked to Record ID#62261)
Description: On December 8, 2016, Zhejiang Kaishan Compressor Co., Ltd (Kaishan) and Zhejiang Branch of China Eximbank signed a loan intention agreement for Phase 1 of 244MW Sorik Marapi Geothermal Power Plant Construction Project. Then, in October 2017, PT Sorik Marapi Geothermal Power (SMGP) — a special purpose vehicle that is majority-owned by KS Orka — signed a $244.8 million overseas investment loan (境外投资贷款) agreement with Bank of China and China Eximbank for Phase 1 of Sorik Marapi Geothermal Power Plant Construction Project. Bank of China contributed $122.4 million (captured via Record ID#69599) and China Eximbank contributed $122.4 million (captured via Record ID#62261). The maturity of the loan was 10 years. However, its interest rate and grace period are unknown. This project involved the construction of a 3 x 80MW geothermal power plant in Sibanggor Julu Village, Puncak Sorik Marapi District, Mandailing Natal Regency, and North Sumatra Province. Phase 1 of the project involved the installation of 126MW power generation capacity. PowerChina was the EPC contractor responsible for implementation. Zhejiang Kaishan Compressor Co., Ltd (Kaishan) was also involved in project implementation. On October 16, 2016, drilling operations commenced. Construction of the first phase was completed on June 6, 2018. Unit 1 achieved its commercial operations date (COD) and supplied electricity to the PLN’s Panyabungan substation on 28 September 2019. The electricity connection from the power plant to the main substation of PT PLN (Persero) was officially inaugurated on February 13, 2020. Then, in January 2021, a high-pressure burst of gas from one of the geothermal wells killed five people and injured 24 other people. Nearly 20 villagers were hospitalized. The gas leak happened when employees of Kaishan were commissioning a geothermal well. Two more gas leaks occurred in 2022 resulting in hospitalizations, and a hot mud eruption in April 2025 destroyed more than four hectares of farmland.
Country: Indonesia
Region: Asia
Sector: ENERGY
Sector code: 230
Theme/intent: Mixed
Infrastructure: Yes
Finance type: Loan
Flow class: OOF
Status: Completion
Location: This project involved the construction of a 3 x 80MW geothermal power plant in Sibanggor Julu Village, Puncak Sorik Marapi District, Mandailing Natal Regency, and North Sumatra Province. Phase 1 involved the installation of 126MW power generation capacity. More detailed locational information can be found at https://www.openstreetmap.org/way/299975400 and https://www.openstreetmap.org/way/938146459"
0381a4131d9cc593,,,72203,,Chinese Government provides a grant — via a January 2003 ETCA — for unspecified purposes,"During Chinese State Councilor Wu Yi's visit to Barbados from January 11-14, 2003, the Chinese Government and the Government of Barbados signed an Economic and Technical Cooperation Agreement (ETCA) in which the Chinese Government committed a grant to Barbados for unspecified purposes. The monetary value of this grant is unknown.",Barbados,BRB,America,2003,998,UNALLOCATED/UNSPECIFIED,Development,,Grant,ODA,Pipeline: Commitment,,,No,Yes,true,"Title: Chinese Government provides a grant — via a January 2003 ETCA — for unspecified purposes
Description: During Chinese State Councilor Wu Yi's visit to Barbados from January 11-14, 2003, the Chinese Government and the Government of Barbados signed an Economic and Technical Cooperation Agreement (ETCA) in which the Chinese Government committed a grant to Barbados for unspecified purposes. The monetary value of this grant is unknown.
Country: Barbados
Region: America
Sector: UNALLOCATED/UNSPECIFIED
Sector code: 998
Theme/intent: Development
Finance type: Grant
Flow class: ODA
Status: Pipeline: Commitment"
4125d2a623e81bb8,,,1025,,China Donates Anti-Malaria Drugs to Kenya,"On September 13, 2003, China donated 10 boxes of Cotecsin dihydroarteminsinin tablets and 20 boxes of Cotecsin dihydroartemisinin suspension, worth 3.9 million KES, to Kenya to be distributed to health centers around the country. Chinese Ambassador to Kenya Guo Chongli handed over the medicine to Kenyan Permanent Secretary for Health Wellington Godo.",Kenya,KEN,Africa,2003,120,HEALTH,Development,,Grant,ODA,Completion,,,Yes,No,true,"Title: China Donates Anti-Malaria Drugs to Kenya
Description: On September 13, 2003, China donated 10 boxes of Cotecsin dihydroarteminsinin tablets and 20 boxes of Cotecsin dihydroartemisinin suspension, worth 3.9 million KES, to Kenya to be distributed to health centers around the country. Chinese Ambassador to Kenya Guo Chongli handed over the medicine to Kenyan Permanent Secretary for Health Wellington Godo.
Country: Kenya
Region: Africa
Sector: HEALTH
Sector code: 120
Theme/intent: Development
Finance type: Grant
Flow class: ODA
Status: Completion"
37db410e3867c425,,,102649,3407,CHEC provides $68 million loan — via pre-financing arrangement — for Kribi-Lolabe Highway Construction Project (Linked to Record ID#46436),"On May 16, 2014, China Eximbank signed a $385,808,808.60 in preferential buyer credit (PBC) agreement [CHINA EXIMBANK PBC NO. (2014) 6 TOTAL NO. (300)] with Cameroon's Ministry of Economy, Planning, and Regional Development (MINEPAT) for the Kribi-Lolabe Highway Construction Project. The borrowing terms of the loan were as follows: a 2% interest rate, a 0% default (penalty) interest rate, a commitment fee of 0.25%, a management fee of 0.25%, a grace period of 5 years, and a maturity of 20 years. The borrower agreed to deposit project-related revenues in a special account to facilitate repayment.   The proceeds of the PBC were to be used by the borrower to finance 85% of the total cost ($453,892,716.00) of a commercial (EPC) contract between the Steering and Monitoring Committee of the Kribi Industrial and Port Complex of Cameroon and China Harbour Engineering Company Ltd. (CHEC), which was signed on November 28, 2012. The remaining 15% ($68,083,907.40) was to be provided by the Government of Cameroon's MINEPAT. However, after MINEPAT failed to meet its counterpart funding commitment, CHEC provided a loan (‘pre-financing’) worth approximately $68,083,907.40 to the Government of Cameroon to finance the remaining 15% of the cost of the $453,892,716.00 commercial contract. The borrowing terms of the CHEC loan are unknown. As of December 31, 2020, the China Eximbank loan (PBC) had achieved a 80.6% disbursement rate (with an undisbursed balance of CFA 40.1 billion). The loan’s outstanding amount was equivalent to CFA 163.5 billion as of December 31, 2020.    The purpose of this 38.5 km (+4.5km) highway construction project was to facilitate access to the Kribi deep-sea port. It involved construction of a 38.5 km 2x2-lane highway -- with a maximum design speed of 110 kilometers per hour -- starting from Mboro village and running to Bibolo in the Kribi II district. It also included (a) the construction of 4.5 km of road that connects Kribi-Lolabe highway to the Edéa-Kribi highway (or Nationale 7 Edéa-Kribi), and (b)  the construction of two interchanges, three separated interchanges, one toll station at the main road, and one ramp toll station. The highway (expressway) was designed and constructed according to Chinese standards. China Harbour Engineering Company Ltd. (CHEC) was the contractor responsible for implementation. Construction commenced on January 1, 2015. However, it was temporarily halted on November 26, 2018 due to (a) the failure to appoint a highway operator, (b) the failure to sign an escrow account agreement, and (c) and accumulated payment arrears worth CFA 75.5 billion. As of March 2019, the project had achieved an 88% completion rate. Then, during last few months of 2019, construction was again temporarily halted before resuming in January 2020. CHEC and the Cameroon Ministry of Public Works stated that the project had achieved an 88.14% completion as of January 2020.   Then, on December 30, 2020, Cameroon’s Minister of Public Works and Minister of Finance signed a public-private partnership (PPP) contract with CHEC to finance the Cameroonian Government’s 15% of the project cost, tacitly acknowledging that the Cameroonian Government could not honor its commitment to finance 15% of the commercial contract cost due to a series of crises. The timeline for completion of the project was subsequently revised to August 2021. As of November 3, 2021, the project had achieved a 98.19% completion rate. The project achieved provisional acceptance (completion) on December 31, 2021. The highway was opened to traffic in July 2022.   There are some indications that the China Eximbank loan for the Kribi-Lolabe Highway Construction Project may have financially underperformed vis-a-vis the original expectations of the lender. In January 2019, Cameroon unilaterally withheld debt service payments to China Eximbank. The lender responded by withholding new loan disbursements. Then, in July 2019, China Eximbank and the Government of Cameroon signed a debt rescheduling agreement (as captured via Record ID#88213). Under the terms of the agreement, China Eximbank agreed to reschedule 18 loans previously contracted by the Government of Cameroon — with scheduled principal repayments between July 2019 and March 2022 — by allowing the borrower to defer scheduled principal repayments between July 2019 and March 2022 to later dates but without any maturity extensions. The total amount of restructured debt was equivalent CFA 148 billion ($253 million) — or 70% of the loan principal that was scheduled for repayment between July 2019 and March 2022. Under the terms of the agreement, the Government of Cameroon agreed to repay 30% of the loan principal according to the original July 2019-March 2022 schedule (i.e. without any payment deferrals). The lender and the borrower also agreed to cancel the committed but undisbursed loan balances worth approximately CFA 10 billion (for certain loans with disbursement deadlines that had already passed).   Then, in January 2020, the International Monetary Fund (IMF) classified the Government Cameroon as facing a high risk of debt distress. Eighteen months later, during an address before Cameroon’s National Assembly on June 28, 2021, the Minister of Water and Energy (MINEE) Gaston Eloundou Esommba provided an update on the ICBC-financed Bini à Warak Hydroelectric Power Plant Project. He noted that the project had been 'on hold' since November 2019 because ICBC suspended the loan agreement, even though the Government of Cameroon had already mobilized XAF 22 billion of counterpart funding. He also explained that 'the reason for this suspension is that Cameroon did not settle some of its debts towards China on time, so, it is in a cross-default situation.",Cameroon,CMR,Africa,2020,210,TRANSPORT AND STORAGE,Mixed,Yes,Loan,OOF,Completion,"The purpose of this 38.5 km (+4.5km) highway construction project was to facilitate access to the Kribi deep-sea port. It involved construction of a 38.5 km 2x2-lane highway -- with a maximum design speed of 110 kilometers per hour -- starting from Mboro village and running to Bibolo in the Kribi II district. It also included (a) the construction of 4.5 km of road that connects Kribi-Lolabe highway to the Edéa-Kribi highway (or Nationale 7 Edéa-Kribi), and (b) the construction of two interchanges, three separated interchanges, one toll station at the main road, and one ramp toll station. More detailed locational information can be found at: https://www.openstreetmap.org/way/421657409, https://www.openstreetmap.org/node/10673184808, and https://www.openstreetmap.org/relation/18265158",,Yes,No,true,"Title: CHEC provides $68 million loan — via pre-financing arrangement — for Kribi-Lolabe Highway Construction Project (Linked to Record ID#46436)
Description: On May 16, 2014, China Eximbank signed a $385,808,808.60 in preferential buyer credit (PBC) agreement [CHINA EXIMBANK PBC NO. (2014) 6 TOTAL NO. (300)] with Cameroon's Ministry of Economy, Planning, and Regional Development (MINEPAT) for the Kribi-Lolabe Highway Construction Project. The borrowing terms of the loan were as follows: a 2% interest rate, a 0% default (penalty) interest rate, a commitment fee of 0.25%, a management fee of 0.25%, a grace period of 5 years, and a maturity of 20 years. The borrower agreed to deposit project-related revenues in a special account to facilitate repayment. The proceeds of the PBC were to be used by the borrower to finance 85% of the total cost ($453,892,716.00) of a commercial (EPC) contract between the Steering and Monitoring Committee of the Kribi Industrial and Port Complex of Cameroon and China Harbour Engineering Company Ltd. (CHEC), which was signed on November 28, 2012. The remaining 15% ($68,083,907.40) was to be provided by the Government of Cameroon's MINEPAT. However, after MINEPAT failed to meet its counterpart funding commitment, CHEC provided a loan (‘pre-financing’) worth approximately $68,083,907.40 to the Government of Cameroon to finance the remaining 15% of the cost of the $453,892,716.00 commercial contract. The borrowing terms of the CHEC loan are unknown. As of December 31, 2020, the China Eximbank loan (PBC) had achieved a 80.6% disbursement rate (with an undisbursed balance of CFA 40.1 billion). The loan’s outstanding amount was equivalent to CFA 163.5 billion as of December 31, 2020. The purpose of this 38.5 km (+4.5km) highway construction project was to facilitate access to the Kribi deep-sea port. It involved construction of a 38.5 km 2x2-lane highway -- with a maximum design speed of 110 kilometers per hour -- starting from Mboro village and running to Bibolo in the Kribi II district. It also included (a) the construction of 4.5 km of road that connects Kribi-Lolabe highway to the Edéa-Kribi highway (or Nationale 7 Edéa-Kribi), and (b) the construction of two interchanges, three separated interchanges, one toll station at the main road, and one ramp toll station. The highway (expressway) was designed and constructed according to Chinese standards. China Harbour Engineering Company Ltd. (CHEC) was the contractor responsible for implementation. Construction commenced on January 1, 2015. However, it was temporarily halted on November 26, 2018 due to (a) the failure to appoint a highway operator, (b) the failure to sign an escrow account agreement, and (c) and accumulated payment arrears worth CFA 75.5 billion. As of March 2019, the project had achieved an 88% completion rate. Then, during last few months of 2019, construction was again temporarily halted before resuming in January 2020. CHEC and the Cameroon Ministry of Public Works stated that the project had achieved an 88.14% completion as of January 2020. Then, on December 30, 2020, Cameroon’s Minister of Public Works and Minister of Finance signed a public-private partnership (PPP) contract with CHEC to finance the Cameroonian Government’s 15% of the project cost, tacitly acknowledging that the Cameroonian Government could not honor its commitment to finance 15% of the commercial contract cost due to a series of crises. The timeline for completion of the project was subsequently revised to August 2021. As of November 3, 2021, the project had achieved a 98.19% completion rate. The project achieved provisional acceptance (completion) on December 31, 2021. The highway was opened to traffic in July 2022. There are some indications that the China Eximbank loan for the Kribi-Lolabe Highway Construction Project may have financially underperformed vis-a-vis the original expectations of the lender. In January 2019, Cameroon unilaterally withheld debt service payments to China Eximbank. The lender responded by withholding new loan disbursements. Then, in July 2019, China Eximbank and the Government of Cameroon signed a debt rescheduling agreement (as captured via Record ID#88213). Under the terms of the agreement, China Eximbank agreed to reschedule 18 loans previously contracted by the Government of Cameroon — with scheduled principal repayments between July 2019 and March 2022 — by allowing the borrower to defer scheduled principal repayments betwee"
19ab751e9380de46,,,96281,,"Chinese Government donates 20,000 Sinopharm Covid-19 vaccine doses worth USD 81,593.60 to the Government of Grenada in April 2022","On 19 April 2022, 20,000 Covid-19 vaccines donated by the Chinese Government arrived at Maurice Bishop International Airport, St George, Grenada. Then, on Wednesday, April 20, 2022, a donation ceremony took place in Grenada, where the Grenadian Ministry of Health and Social Security received the donation of 20,000 doses of the Sinopharm COVID-19 vaccines. The donation also included 22,480pcs of disposable syringes with needles, and is valued at USD 81,593.60.   The donation was intended to help Grenada in the fight against COVID-19; previous donations from the Chinese Government included materials such as masks, PPE, antigen test kits, and various pieces of medical equipment (see Record ID#102327 and #102328).",Grenada,GRD,America,2022,120,HEALTH,Development,,Grant,ODA,Completion,The donation ceremony took place at Ministry of Health and Social Security in Grenada and the handover took place at the Maurice Bishop International Airport (MBIA). ,,Yes,No,true,"Title: Chinese Government donates 20,000 Sinopharm Covid-19 vaccine doses worth USD 81,593.60 to the Government of Grenada in April 2022
Description: On 19 April 2022, 20,000 Covid-19 vaccines donated by the Chinese Government arrived at Maurice Bishop International Airport, St George, Grenada. Then, on Wednesday, April 20, 2022, a donation ceremony took place in Grenada, where the Grenadian Ministry of Health and Social Security received the donation of 20,000 doses of the Sinopharm COVID-19 vaccines. The donation also included 22,480pcs of disposable syringes with needles, and is valued at USD 81,593.60. The donation was intended to help Grenada in the fight against COVID-19; previous donations from the Chinese Government included materials such as masks, PPE, antigen test kits, and various pieces of medical equipment (see Record ID#102327 and #102328).
Country: Grenada
Region: America
Sector: HEALTH
Sector code: 120
Theme/intent: Development
Finance type: Grant
Flow class: ODA
Status: Completion
Location: The donation ceremony took place at Ministry of Health and Social Security in Grenada and the handover took place at the Maurice Bishop International Airport (MBIA)."
207d0b67656c21b3,,,49829,,China donates 800 metric tons of rice to earthquake and typhoon victims in the Philippines,"On 12 March 2014, the Chinese Ministry of Agriculture and ASEAN Plus Three Emergency Rice Reserve officials handed over 16,000 bags of rice, weighing 800 metric tons, to the Department of Social Welfare and Development in Central Visayas (DSWD-7) at the National Food Authority warehouse in Cebu City, Philippines. The rice was part of disaster relief coordinated by ASEAN and donated by China after an earthquake in Bohol and Typhoon Haiyan (Yolanda) in Cebu. Department of Agriculture Undersecretary Bernadette Romulo-Puyat announced that 10,000 bags of rice would go to earthquake victims in Loon, Bohol and the other 6,000 to typhoon victims in northern Cebu. ",Philippines,PHL,Asia,2014,720,EMERGENCY RESPONSE,Development,,Grant,ODA,Completion,"Loon, Bohol and northern Cebu. More detailed locational information can be found at: https://www.openstreetmap.org/relation/1550487 and https://www.openstreetmap.org/relation/1506936 and https://www.openstreetmap.org/node/198510695",,Yes,No,true,"Title: China donates 800 metric tons of rice to earthquake and typhoon victims in the Philippines
Description: On 12 March 2014, the Chinese Ministry of Agriculture and ASEAN Plus Three Emergency Rice Reserve officials handed over 16,000 bags of rice, weighing 800 metric tons, to the Department of Social Welfare and Development in Central Visayas (DSWD-7) at the National Food Authority warehouse in Cebu City, Philippines. The rice was part of disaster relief coordinated by ASEAN and donated by China after an earthquake in Bohol and Typhoon Haiyan (Yolanda) in Cebu. Department of Agriculture Undersecretary Bernadette Romulo-Puyat announced that 10,000 bags of rice would go to earthquake victims in Loon, Bohol and the other 6,000 to typhoon victims in northern Cebu.
Country: Philippines
Region: Asia
Sector: EMERGENCY RESPONSE
Sector code: 720
Theme/intent: Development
Finance type: Grant
Flow class: ODA
Status: Completion
Location: Loon, Bohol and northern Cebu. More detailed locational information can be found at: https://www.openstreetmap.org/relation/1550487 and https://www.openstreetmap.org/relation/1506936 and https://www.openstreetmap.org/node/198510695"
9f9789774ab7b0f8,,,104575,,"Bank of China Limited contributes to $1.17 billion syndicated loan for purchase of fifteen 7,000 TEU dual fuel newbuild container vessels (Linked to Record ID#104576)","On October 4, 2022, Seaspan Corporation — a leading container subsidiary of NYSE-listed Atlas Corporation that is legally incorporated in the Marshall Islands — signed a $1.17 billion, 12-year syndicated loan agreement with a group of Chinese and non-Chinese banks to facilitate the purchase of fifteen 7,000 TEU dual fuel newbuild container vessels under construction at the Jiangsu New Yangzi Shipbuilding.  Participants in the syndicate include HSBC, Standard Chartered Bank, Bank of China Limited (recorded in this project), Citibank, Bank of Communications (recorded in Record ID#104576), BNP Paribas (BNPP), Societe Generale, Development Bank of Japan Inc, and Sumitomo Mitsui Banking Corporation.  Bank of China Limited and Bank of Communications each reportedly contributed $150 million to the syndicate. BNPP acted as ECA Agent, Facility Agent and Security Agent, BNPP and Societe Generale as Mandated Lead Arrangers and Bookrunner, HSBC, Standard Chartered Bank, Bank of China Limited, Citibank and Bank of Communications acted as Mandated Lead Arrangers, and Development Bank of Japan Inc. and Sumitomo Mitsui Banking Corporation acted as Lead Arrangers. The borrowing terms of the loan are unknown. However, it is known that the loan is supported by a credit insurance policy.",Marshall Islands,MHL,Oceania,2022,210,TRANSPORT AND STORAGE,Commercial,,Loan,OOF,Pipeline: Commitment,,,Yes,No,true,"Title: Bank of China Limited contributes to $1.17 billion syndicated loan for purchase of fifteen 7,000 TEU dual fuel newbuild container vessels (Linked to Record ID#104576)
Description: On October 4, 2022, Seaspan Corporation — a leading container subsidiary of NYSE-listed Atlas Corporation that is legally incorporated in the Marshall Islands — signed a $1.17 billion, 12-year syndicated loan agreement with a group of Chinese and non-Chinese banks to facilitate the purchase of fifteen 7,000 TEU dual fuel newbuild container vessels under construction at the Jiangsu New Yangzi Shipbuilding. Participants in the syndicate include HSBC, Standard Chartered Bank, Bank of China Limited (recorded in this project), Citibank, Bank of Communications (recorded in Record ID#104576), BNP Paribas (BNPP), Societe Generale, Development Bank of Japan Inc, and Sumitomo Mitsui Banking Corporation. Bank of China Limited and Bank of Communications each reportedly contributed $150 million to the syndicate. BNPP acted as ECA Agent, Facility Agent and Security Agent, BNPP and Societe Generale as Mandated Lead Arrangers and Bookrunner, HSBC, Standard Chartered Bank, Bank of China Limited, Citibank and Bank of Communications acted as Mandated Lead Arrangers, and Development Bank of Japan Inc. and Sumitomo Mitsui Banking Corporation acted as Lead Arrangers. The borrowing terms of the loan are unknown. However, it is known that the loan is supported by a credit insurance policy.
Country: Marshall Islands
Region: Oceania
Sector: TRANSPORT AND STORAGE
Sector code: 210
Theme/intent: Commercial
Finance type: Loan
Flow class: OOF
Status: Pipeline: Commitment"
a7180eb2346c4314,,,95737,,Chinese Government provides RMB 1.95 billion loan for Phase 1 of Karaj Metro Line 2 Project,"In November 2018, an unspecified Chinese state-owned bank and Karaj Urban and Suburban Railway Organisation (KUASRO) — an Iranian state-owned company — signed an RMB 1,950,000,000 loan agreement for Phase 1 of the Karaj Metro Line 2 Project. The borrowing terms of the loan are unknown. However, it is known that the borrower was expected to use the loan proceeds to finance a $420 million commercial (EPC) contract with CITIC Group Corporation Ltd. The purpose of this project is to construct the first 15 km of Line 2 of the Karaj Metro, which upon completion will have a total length of 27 km. The 15 km stretch runs from Khwarazmi University Square in the west of Karaj to Shahid Soltani Square in the east of Karaj. CITIC Group Corporation Ltd. is the EPC contractor responsible for implementation. As of September 2017, the project had achieved a 32.31% physical completion rate. By April 2021, the 15 km stretch between Khwarazmi University Square and Shahid Soltani Square had been fully excavated. However, international sanctions eventually slowed the project implementation efforts of CITIC Group Corporation Ltd., which led to litigation with the project owner (KUASRO). The project was originally expected to reach completion within 4 years of the start date of the EPC contract. However, the project has underperformed vis-a-vis the original objectives identified in the EPC contract.",Iran,IRN,Middle East,2018,210,TRANSPORT AND STORAGE,Mixed,Yes,Loan,OOF,Implementation,"The purpose of the project is to construct the first 15 km of Line 2 of the Karaj Metro, which upon completion will have a total length of 27 km. The 15 km stretch runs from Khwarazmi University Square in the west of Karaj to Shahid Soltani Square in the east of Karaj. More detailed locational information can be found at https://www.openstreetmap.org/relation/7643571 and https://www.openstreetmap.org/way/535560484.",,Yes,No,true,"Title: Chinese Government provides RMB 1.95 billion loan for Phase 1 of Karaj Metro Line 2 Project
Description: In November 2018, an unspecified Chinese state-owned bank and Karaj Urban and Suburban Railway Organisation (KUASRO) — an Iranian state-owned company — signed an RMB 1,950,000,000 loan agreement for Phase 1 of the Karaj Metro Line 2 Project. The borrowing terms of the loan are unknown. However, it is known that the borrower was expected to use the loan proceeds to finance a $420 million commercial (EPC) contract with CITIC Group Corporation Ltd. The purpose of this project is to construct the first 15 km of Line 2 of the Karaj Metro, which upon completion will have a total length of 27 km. The 15 km stretch runs from Khwarazmi University Square in the west of Karaj to Shahid Soltani Square in the east of Karaj. CITIC Group Corporation Ltd. is the EPC contractor responsible for implementation. As of September 2017, the project had achieved a 32.31% physical completion rate. By April 2021, the 15 km stretch between Khwarazmi University Square and Shahid Soltani Square had been fully excavated. However, international sanctions eventually slowed the project implementation efforts of CITIC Group Corporation Ltd., which led to litigation with the project owner (KUASRO). The project was originally expected to reach completion within 4 years of the start date of the EPC contract. However, the project has underperformed vis-a-vis the original objectives identified in the EPC contract.
Country: Iran
Region: Middle East
Sector: TRANSPORT AND STORAGE
Sector code: 210
Theme/intent: Mixed
Infrastructure: Yes
Finance type: Loan
Flow class: OOF
Status: Implementation
Location: The purpose of the project is to construct the first 15 km of Line 2 of the Karaj Metro, which upon completion will have a total length of 27 km. The 15 km stretch runs from Khwarazmi University Square in the west of Karaj to Shahid Soltani Square in the east of Karaj. More detailed locational information can be found at https://www.openstreetmap.org/relation/7643571 and https://www.openstreetmap.org/way/535560484."
0c787d0db95183c6,,,87326,,China builds Benin's Ministry of Foreign Affairs' Dining Hall,"On November 30, 2018, the Chinese handed over Benin Ministry of Foreign Affairs' new dining hall. On the same day, Chinese Ambassador Peng Jingtao (彭惊涛) and Beninese Foreign Minister Aurelien Agbenonci attended the ceremony.   The commitment time of this project is unclear. ",Benin,BEN,Africa,2018,150,GOVERNMENT AND CIVIL SOCIETY,Development,,Grant,ODA,Completion,"This project was to build a new dining hall for the Benin Ministry of Foreign Affairs and International Cooperation (French: Ministère des Affaires Etrangères) in Cotonou, a large port city in the Littoral Department on the south coast of Benin. Cotonou is Benin's economic center. More detailed locational information about the Ministry of Foreign Affairs can be found at: https://www.openstreetmap.org/node/7704702651#map=19/6.35270/2.40111.",,Yes,No,true,"Title: China builds Benin's Ministry of Foreign Affairs' Dining Hall
Description: On November 30, 2018, the Chinese handed over Benin Ministry of Foreign Affairs' new dining hall. On the same day, Chinese Ambassador Peng Jingtao (彭惊涛) and Beninese Foreign Minister Aurelien Agbenonci attended the ceremony. The commitment time of this project is unclear.
Country: Benin
Region: Africa
Sector: GOVERNMENT AND CIVIL SOCIETY
Sector code: 150
Theme/intent: Development
Finance type: Grant
Flow class: ODA
Status: Completion
Location: This project was to build a new dining hall for the Benin Ministry of Foreign Affairs and International Cooperation (French: Ministère des Affaires Etrangères) in Cotonou, a large port city in the Littoral Department on the south coast of Benin. Cotonou is Benin's economic center. More detailed locational information about the Ministry of Foreign Affairs can be found at: https://www.openstreetmap.org/node/7704702651#map=19/6.35270/2.40111."
4bb4219deadd071f,,,93258,,"Chinese Embassy donates N$ 1 million worth of COVID-19 equipment to 7 schools in Windhoek, Namibia ","On April 29, 2021, the Chinese Embassy in Namibia donated 45,000 surgical masks, 4,000 N95 masks, and 35 forehead thermometers to 7 primary and secondary schools in Windhoek, Namibia. According to the Chinese Embassy, the donation is worth 1 million Namibian dollars. The donation is intended to assist these schools during the COVID-19 pandemic.",Namibia,NAM,Africa,2021,120,HEALTH,Development,,Grant,ODA,Completion,"The Chinese Embassy in Namibia donated surgical masks, N95 masks, and forehead thermometers to 7 primary and secondary schools in Windhoek, Namibia. More detailed locational information can be found at https://www.openstreetmap.org/way/29989621.",,Yes,No,true,"Title: Chinese Embassy donates N$ 1 million worth of COVID-19 equipment to 7 schools in Windhoek, Namibia
Description: On April 29, 2021, the Chinese Embassy in Namibia donated 45,000 surgical masks, 4,000 N95 masks, and 35 forehead thermometers to 7 primary and secondary schools in Windhoek, Namibia. According to the Chinese Embassy, the donation is worth 1 million Namibian dollars. The donation is intended to assist these schools during the COVID-19 pandemic.
Country: Namibia
Region: Africa
Sector: HEALTH
Sector code: 120
Theme/intent: Development
Finance type: Grant
Flow class: ODA
Status: Completion
Location: The Chinese Embassy in Namibia donated surgical masks, N95 masks, and forehead thermometers to 7 primary and secondary schools in Windhoek, Namibia. More detailed locational information can be found at https://www.openstreetmap.org/way/29989621."
30c0a181958f526a,,,43959,,Hanban funds the establishment of Confucius Institute at Yeditepe University,"On April 24, 2015, Hanban agreed to found the Confucius Institute at Yeditepe University. The Confucius Institute is located in Istanbul and is tied to Nankai University. On September 27, 2017, the opening ceremony of the Yeditepe University Confucius Institute was held at the Faculty of Fine Arts Conference Hall. Yeditepe University opened the 4th Confucius Institute in Turkey with the participation of Yu Hongyang, Ambassador of the People's Republic of China, and Bedrettin Dalan, Founder and Honorary President of Yeditepe University. The monetary value of the financial commitment that supported this project is unknown.",Turkey,TUR,Europe,2015,110,EDUCATION,Representational,,Grant,OOF,Completion,This project involved the establishment of a Confucius Institute at  Yeditepe University in the city of Istanbul. More detailed locational information can be found at https://www.openstreetmap.org/way/154206547#map=16/40.9710/29.1500,,Yes,No,true,"Title: Hanban funds the establishment of Confucius Institute at Yeditepe University
Description: On April 24, 2015, Hanban agreed to found the Confucius Institute at Yeditepe University. The Confucius Institute is located in Istanbul and is tied to Nankai University. On September 27, 2017, the opening ceremony of the Yeditepe University Confucius Institute was held at the Faculty of Fine Arts Conference Hall. Yeditepe University opened the 4th Confucius Institute in Turkey with the participation of Yu Hongyang, Ambassador of the People's Republic of China, and Bedrettin Dalan, Founder and Honorary President of Yeditepe University. The monetary value of the financial commitment that supported this project is unknown.
Country: Turkey
Region: Europe
Sector: EDUCATION
Sector code: 110
Theme/intent: Representational
Finance type: Grant
Flow class: OOF
Status: Completion
Location: This project involved the establishment of a Confucius Institute at Yeditepe University in the city of Istanbul. More detailed locational information can be found at https://www.openstreetmap.org/way/154206547#map=16/40.9710/29.1500"
d5eeca8ba9d6f03e,,,97181,,Chinese ambassador to Iran gives book to President of Iran-China Chamber of Commerce,"On December 22, 2021, the Chinese ambassador to Iran gave a copy of ""A Brief History of the Communist Party of China"" to President Majidreza Hariri of the Iran China Chamber of Commerce. ",Iran,IRN,Middle East,2021,150,GOVERNMENT AND CIVIL SOCIETY,Representational,,Grant,OOF,Completion,,,Yes,No,true,"Title: Chinese ambassador to Iran gives book to President of Iran-China Chamber of Commerce
Description: On December 22, 2021, the Chinese ambassador to Iran gave a copy of ""A Brief History of the Communist Party of China"" to President Majidreza Hariri of the Iran China Chamber of Commerce.
Country: Iran
Region: Middle East
Sector: GOVERNMENT AND CIVIL SOCIETY
Sector code: 150
Theme/intent: Representational
Finance type: Grant
Flow class: OOF
Status: Completion"
1ac4853d94986d7b,,,63969,481,China Eximbank pledges loan for 168MW Dapeyin II Hydropower Plant Project (Linked to Record ID#63968),"On July 31, 2007, the Ministry of Electricity and Energy (MoEE) of Myanmar and Datang (Yunnan) United Hydropower Developing Co. Ltd. signed a Memorandum of Understanding regarding the financing and construction of Dapein 2 Hydropower Plant. According to the agreement, Datang United Hydropower Developing Co. (DUHD) would be the developer of the project. China Eximbank reportedly agreed — at least in principle — to provide an $8.6 million loan for the project. The developer submitted a feasibility study to MoEE in December 2009. Since then, little progress on the project seems to have occurred. The MoEE planned to commission this project in 2022. The project construction is likely to commence in 2025 and is expected to enter into commercial operation in 2028.  The project scope included the construction of a 59 meter high concrete gravity dam on the Dapein River about 10 km downstream of the existing Dapein 1 HPP (in Moemauk Township about 30 miles to the northeast of Bhamo city and Kachin state). The existing Dapein 1 plant was also financed with a loan from China Eximbank (captured in Record ID#63968). The reservoir would be about 8 km long with a relatively small storage of 55 hm3 given the steepness of the river (gradient of 5.8 m/km). The power plant was planned to be connected to the Dapein 1 substantial by a 16 km long 230 kV transmission line.",Myanmar,MMR,Asia,2007,230,ENERGY,Development,Yes,Loan,Vague (ODA or OOF),Pipeline: Pledge,"The purpose of the project was to construct a 59 meter high concrete gravity dam on the Dapein River about 10 km downstream of the existing Dapein 1 HPP (in Moemauk Township about 30 miles to the northeast of Bhamo city and Kachin state). The exact locational coordinates of the dam site are 24.368270, 97.421400. The power plant was planned to be connected to the Dapein 1 substantial by a 16 km long 230 kV transmission line. More detailed locational information can be found at https://www.openstreetmap.org/way/570740815#map=17/24.40473/97.50574.",,No,No,true,"Title: China Eximbank pledges loan for 168MW Dapeyin II Hydropower Plant Project (Linked to Record ID#63968)
Description: On July 31, 2007, the Ministry of Electricity and Energy (MoEE) of Myanmar and Datang (Yunnan) United Hydropower Developing Co. Ltd. signed a Memorandum of Understanding regarding the financing and construction of Dapein 2 Hydropower Plant. According to the agreement, Datang United Hydropower Developing Co. (DUHD) would be the developer of the project. China Eximbank reportedly agreed — at least in principle — to provide an $8.6 million loan for the project. The developer submitted a feasibility study to MoEE in December 2009. Since then, little progress on the project seems to have occurred. The MoEE planned to commission this project in 2022. The project construction is likely to commence in 2025 and is expected to enter into commercial operation in 2028. The project scope included the construction of a 59 meter high concrete gravity dam on the Dapein River about 10 km downstream of the existing Dapein 1 HPP (in Moemauk Township about 30 miles to the northeast of Bhamo city and Kachin state). The existing Dapein 1 plant was also financed with a loan from China Eximbank (captured in Record ID#63968). The reservoir would be about 8 km long with a relatively small storage of 55 hm3 given the steepness of the river (gradient of 5.8 m/km). The power plant was planned to be connected to the Dapein 1 substantial by a 16 km long 230 kV transmission line.
Country: Myanmar
Region: Asia
Sector: ENERGY
Sector code: 230
Theme/intent: Development
Infrastructure: Yes
Finance type: Loan
Flow class: Vague (ODA or OOF)
Status: Pipeline: Pledge
Location: The purpose of the project was to construct a 59 meter high concrete gravity dam on the Dapein River about 10 km downstream of the existing Dapein 1 HPP (in Moemauk Township about 30 miles to the northeast of Bhamo city and Kachin state). The exact locational coordinates of the dam site are 24.368270, 97.421400. The power plant was planned to be connected to the Dapein 1 substantial by a 16 km long 230 kV transmission line. More detailed locational information can be found at https://www.openstreetmap.org/way/570740815#map=17/24.40473/97.50574."
a7fc15c08180433e,,,102150,,China pledges to donate 3 million RMB worth of disaster relief materials to Nepal,"On August 10, 2022, during the Chinese foreign minister Wang Yi's visit to Nepal, he announced a number of projects, including a donation of disaster relief materials worth 3 million RMB.",Nepal,NPL,Asia,2022,720,EMERGENCY RESPONSE,Development,,Grant,ODA,Pipeline: Pledge,,,No,No,true,"Title: China pledges to donate 3 million RMB worth of disaster relief materials to Nepal
Description: On August 10, 2022, during the Chinese foreign minister Wang Yi's visit to Nepal, he announced a number of projects, including a donation of disaster relief materials worth 3 million RMB.
Country: Nepal
Region: Asia
Sector: EMERGENCY RESPONSE
Sector code: 720
Theme/intent: Development
Finance type: Grant
Flow class: ODA
Status: Pipeline: Pledge"
9e32721ffe326dee,,,31287,1551,Hanban funds the construction of Confucius Institute building at Suez Canal University (Linked to Record ID#65996),"In March 2007, a memorandum of understanding (MOU) was signed by Hanban and the Suez Canal University (SCU or جامعة قناة السويس) regarding the the construction of a Confucius Institute at SCU. The construction of the Confucius Institute was jointly undertaken by North China Electric Power University  (NECPU) and SCU.  In June 2007, an official agreement between Hanban, NECPU, and SCU, began the construction phase of the Confucius Institute at SCU.  On July 31, 2007, a board of directors for the Confucius Institute at SCU was formed and groundbreaking took place the same month.  On April 1, 2008, the Confucius Institute at SCU was completed and an official opening ceremony was organized. The institute is more than 1,200 square meters in size, includes four classrooms, three multimedia language labs, a reading room, a computer with 20 seats, a teacher’s office, a meeting room, and a conference hall that can accommodate over 200 people. Hanban equipped all of the institute's facilities, provided 8,000 books, and transferred $419,000 of cash assistance to cover the initial budget, the 2009 project budget, the 2010 project budget, a Great Wall Chinese Multimedia Lab project budget, and a book exhibition project budget.    On April 1, 2009 the Confucius Institute held a one year anniversary celebration. Then, on June 14, 2009, He Guoqiang, of the Political Bureau of the Central Committee of CPC presented equipment for “Chinese Cultural Experience Center'' to the Institute on behalf of the Chinese government. According to a China Daily article, the Institute holds classes for members of the China-Egypt Teda Suez Economic and Trade Cooperation Zone, the British University, and Helwan University.  The institute is also known for helping Egyptian students find jobs with Chinese companies operating in Egypt, organizing Chinese proficiency tests, providing scholarships for study in China, promoting cultural exhibitions, facilitating cooperation between Chinese and Egyptian Museums, and holding cross-cultural trainings.",Egypt,EGY,Africa,2007,110,EDUCATION,Representational,Yes,Grant,OOF,Completion,This project involved the construction of a Confucius Institute building at Cairo University at Suez Canal University in Ismaïlia. More detailed locational information can be found at https://www.openstreetmap.org/way/97234548#map=15/30.6221/32.2697,,Yes,No,true,"Title: Hanban funds the construction of Confucius Institute building at Suez Canal University (Linked to Record ID#65996)
Description: In March 2007, a memorandum of understanding (MOU) was signed by Hanban and the Suez Canal University (SCU or جامعة قناة السويس) regarding the the construction of a Confucius Institute at SCU. The construction of the Confucius Institute was jointly undertaken by North China Electric Power University (NECPU) and SCU. In June 2007, an official agreement between Hanban, NECPU, and SCU, began the construction phase of the Confucius Institute at SCU. On July 31, 2007, a board of directors for the Confucius Institute at SCU was formed and groundbreaking took place the same month. On April 1, 2008, the Confucius Institute at SCU was completed and an official opening ceremony was organized. The institute is more than 1,200 square meters in size, includes four classrooms, three multimedia language labs, a reading room, a computer with 20 seats, a teacher’s office, a meeting room, and a conference hall that can accommodate over 200 people. Hanban equipped all of the institute's facilities, provided 8,000 books, and transferred $419,000 of cash assistance to cover the initial budget, the 2009 project budget, the 2010 project budget, a Great Wall Chinese Multimedia Lab project budget, and a book exhibition project budget. On April 1, 2009 the Confucius Institute held a one year anniversary celebration. Then, on June 14, 2009, He Guoqiang, of the Political Bureau of the Central Committee of CPC presented equipment for “Chinese Cultural Experience Center'' to the Institute on behalf of the Chinese government. According to a China Daily article, the Institute holds classes for members of the China-Egypt Teda Suez Economic and Trade Cooperation Zone, the British University, and Helwan University. The institute is also known for helping Egyptian students find jobs with Chinese companies operating in Egypt, organizing Chinese proficiency tests, providing scholarships for study in China, promoting cultural exhibitions, facilitating cooperation between Chinese and Egyptian Museums, and holding cross-cultural trainings.
Country: Egypt
Region: Africa
Sector: EDUCATION
Sector code: 110
Theme/intent: Representational
Infrastructure: Yes
Finance type: Grant
Flow class: OOF
Status: Completion
Location: This project involved the construction of a Confucius Institute building at Cairo University at Suez Canal University in Ismaïlia. More detailed locational information can be found at https://www.openstreetmap.org/way/97234548#map=15/30.6221/32.2697"
e892d414b4f4fa3b,,,63905,,China Eximbank provides loan worth PGK 419.7 million for Buna Water Supply System Project,"In 2018, the Export-Import Bank of China provided a loan for the Bunu Water Supply System Project in Papua New Guinea. The total cost of the project is 475.4 million Kina, the Exim Bank loan will finance 88% of the project and PNG will finance the final 12%, 55.7 million Kina (source: VOLUME 3B PUBLIC INVESTMENT PROGRAM FOR STATUTORY AUTHORITIES AND PROVINCIAL GOVERNMENTS 2019 – 2023).   The project will provide a clean water supply to the North West elecorate of Port Moresby, the commercial site of the LNG plant, and the Napanapa, Motukea, and Motuan communities. Water PNG, Ltd. will maintain the project once it is completed. Water PNG also won the construction supervisor contract for the project on March 25, 2019 (source: TC # 52/2019: CONSTRUCTION SUPERVISION, Bunu Water Supply Project). The project is expected to be completed in 2025.  The loan has yet to be confirmed as of 2019 (source: Water companies merger queried, VOLUME 3B PUBLIC INVESTMENT PROGRAM FOR STATUTORY AUTHORITIES AND PROVINCIAL GOVERNMENTS 2019 – 2023).",Papua New Guinea,PNG,Oceania,2018,140,WATER SUPPLY AND SANITATION,Development,Yes,Loan,Vague (ODA or OOF),Pipeline: Pledge,"The project developed a pumping station on Laloki River in Port Moresby, Papua New Guinea. The pumping station directly feeds into PNG Power’s Rouna Hydroelectric scheme before feeding into Water PNG’s raw water mains for treatment and supply to the city. More detailed locational data can be found at https://www.openstreetmap.org/way/969650010#map=16/-9.4219/147.4067",,No,No,true,"Title: China Eximbank provides loan worth PGK 419.7 million for Buna Water Supply System Project
Description: In 2018, the Export-Import Bank of China provided a loan for the Bunu Water Supply System Project in Papua New Guinea. The total cost of the project is 475.4 million Kina, the Exim Bank loan will finance 88% of the project and PNG will finance the final 12%, 55.7 million Kina (source: VOLUME 3B PUBLIC INVESTMENT PROGRAM FOR STATUTORY AUTHORITIES AND PROVINCIAL GOVERNMENTS 2019 – 2023). The project will provide a clean water supply to the North West elecorate of Port Moresby, the commercial site of the LNG plant, and the Napanapa, Motukea, and Motuan communities. Water PNG, Ltd. will maintain the project once it is completed. Water PNG also won the construction supervisor contract for the project on March 25, 2019 (source: TC # 52/2019: CONSTRUCTION SUPERVISION, Bunu Water Supply Project). The project is expected to be completed in 2025. The loan has yet to be confirmed as of 2019 (source: Water companies merger queried, VOLUME 3B PUBLIC INVESTMENT PROGRAM FOR STATUTORY AUTHORITIES AND PROVINCIAL GOVERNMENTS 2019 – 2023).
Country: Papua New Guinea
Region: Oceania
Sector: WATER SUPPLY AND SANITATION
Sector code: 140
Theme/intent: Development
Infrastructure: Yes
Finance type: Loan
Flow class: Vague (ODA or OOF)
Status: Pipeline: Pledge
Location: The project developed a pumping station on Laloki River in Port Moresby, Papua New Guinea. The pumping station directly feeds into PNG Power’s Rouna Hydroelectric scheme before feeding into Water PNG’s raw water mains for treatment and supply to the city. More detailed locational data can be found at https://www.openstreetmap.org/way/969650010#map=16/-9.4219/147.4067"
bb8c8322b0ab6364,,,39916,,China provides a 5M grant to Uzbekistan,"On April 11th, 2001, during a meeting between the Uzbek president and Chinese premier minister, China signed an agreement committing a 5 million USD grant to Uzbekistan. It is unclear how this funding will be allocated, and the current state of this project is unknown. ",Uzbekistan,UZB,Asia,2001,998,UNALLOCATED/UNSPECIFIED,Development,,Grant,ODA,Pipeline: Commitment,,,No,Yes,true,"Title: China provides a 5M grant to Uzbekistan
Description: On April 11th, 2001, during a meeting between the Uzbek president and Chinese premier minister, China signed an agreement committing a 5 million USD grant to Uzbekistan. It is unclear how this funding will be allocated, and the current state of this project is unknown.
Country: Uzbekistan
Region: Asia
Sector: UNALLOCATED/UNSPECIFIED
Sector code: 998
Theme/intent: Development
Finance type: Grant
Flow class: ODA
Status: Pipeline: Commitment"
a765047a698c849c,,,109971,,Bank of China (Singapore Branch) contributes to $1.78 billion buyer's credit for 2x660 MW Supercritical Coal-Fired Banskhali Power Plant Project,"In November 2010, Bangladesh Power Development Board (BPDB) began looking for sponsors to support the construction of a 2x660 MW supercritical coal-fired power plant — known as the 2x660 MW Supercritical Coal-Fired Banskhali Power Plant — in Paschim Gandamara within Banskhali Upzila and Chittagong Division. Then, on December 19, 2013, S. Alam Group — a Bangladeshi company that is active in the commodity trade, banking, insurance, and transportation sector — signed a deal with Shangdong Electric Power Corporation III (SEPCO III), a subsidiary of China Power Construction Co. (PowerChina), to set-up a joint venture company to finance, design, construct, and operate the 2x660 MW Supercritical Coal-Fired Banskhali Power Plant. The special purpose vehicle that was established, SS Power I Limited, is jointly owned by S. Alam Group (70% equity stake), SEPCO III Electric Power Construction Corporation (20% equity stake), and HTG Development Group Co. Ltd. (10% equity stake).  The $2.506 billion Banskhali Power Plant is an independent power project (IPP) that was implemented on a build, own, and operate (BOO) basis and financed according to a debt-to-equity ratio of 71.1:28.9. On December 28, 2018, a syndicate of banks — including Bank of China (Qingdao Branch) as an arranger, lender, and original hedging bank, Bank of China Limited (Singapore Branch) as a lender, facility agent, offshore security agent, and offshore account bank, China Development Bank (CDB) as an arranger and lender, China Construction Bank (Shandong Branch) as an arranger, lender, original hedging bank, Agricultural Bank of China (Qingdao Branch) as a lender, China Minsheng Bank (Qingdao Branch) as a lender, and Rupali Bank Limited as a lender, onshore security agent, and onshore account bank — signed a $1.782 billion USD syndicated buyer’s credit agreement with SS Power I Limited for the 2x660 MW Supercritical Coal-Fired Banskhali Power Plant Project. The buyer’s credit carried a 15-year maturity and an unknown interest rate. It was also supported by a Sinosure credit insurance policy and secured by (collateralized against) a share pledge, account pledge, a mortgage and debenture. AidData estimates that each branch of Bank of China contributed $254,571,428.57 (captured in Records ID #52792 and #109971), CCB contributed $254,571,428.57 (captured in Record ID #98804), CDB contributed $254,571,428.57 (captured in Record ID #98814), and that ABC also contributed $254,571,428.57 (captured in Record ID #98815).  The borrower was to use the proceeds of the loan to finance (a) 85% of the cost a $1.86 billion commercial (EPC) contract between S. Alam Group and SEPCO III, which was signed on June 29, 2015; and (b) 85% of the cost of the Sinosure premium and interest during construction under the senior buyer’s credit facility. The syndicated loan covered 71.1% of the total project cost. S. Alam Group, SEPCO III, and HTG Development Group Co. Ltd. were expected to cover the remaining 28.9% via equity contributions. Record ID #52792 captures the debt financing for the project, while Record ID #54275 captures the equity financing for the project.  The purpose of the project was to construct a supercritical coal-fired power plant — with two 660 MW supercritical power generation units — and a new special coal unloading wharf in Paschim Gandamara within Banskhali Upzila and Chittagong Division (exact locational coordinates: 21.970844, 91.888932). The IPP is governed by the terms of an Implementation Agreement (IA) and a 25-year power purchase agreement (PPA) executed with Bangladesh Power Development Board (BPDB).  SEPCO III is the general engineering, procurement, and construction (EPC) contractor responsible for project implementation. However, several other contractors are also involved in the project. Dongfang Electric Corporation is responsible for providing the turbine generators, while Babcock & Wilcox Beijing Co., Ltd. is responsible for providing the boiler equipment. Sinohydro Foundation Engineering Co., Ltd. is also involved in project implementation. A formal project unveiling ceremony took place on October 14, 2016, with Chinese President Xi Jinping and Prime Minister of Bangladesh Sheikh Hasina laying the plant's foundation. However, project implementation did not begin until significantly later. A notice to proceed (NTP) was issued to the EPC contractor on December 10, 2018, and project implementation commenced on December 31, 2018. As stipulated in the EPC contract, the project completion date was scheduled to fall between 39 and 40 months (March 31, 2022 or April 30, 2022) after the EPC commencement date and the NTP date.  The construction of the Banskhali Power Plant has been the source of significant, often violent, controversy in Bangladesh. Villagers opposed to the plant began peaceful protests during the S. Alam Group's land acquisition efforts, decrying the displacement because of the plant's construction. Then, on April 4, 2016, 500 villagers gathered on the grounds of Gondamara School to protest against the construction of the plant, despite local authorities having banned the demonstration. The demonstration turned violent, as police opened fire, killing four protesters and wounding 30 more. Then, in early February 2017, at a community meeting in Abhaittya Ghona in Banskhali, sponsored by the Bangladesh Navy, the S. Alam Group, and local authorities, clashes broke out between pro and anti-plant factions (which were composed of followers of a local Awami League leader and Bangladesh Nationalist Party leader, respectively) that led to the death of a pro-plant man and injured 16 more. After the clashes, the Bangladesh Navy began to supervise the project site's security along the local police.  In July 2020, the sponsors of the project were fined ৳2,000,000,000 BDT for delays in the construction works and received a two-year extension to the project period. Then, on April 17, 2021, clashes erupted between the Banskhali police and construction workers at the plant, supported by local people. The workers had been protesting over unpaid wages. The resulting altercation saw the police kill five workers and critically wound a dozen more. During the protest, workers committed arson and vandalism in the construction period. Two more workers died of their injuries, raising the death toll to seven. The next month, on May 28, 2021, police arrested a local Bangladeshi engineer for posting an anti-power plant message on Facebook under Bangladesh's Digital Security Act.  One cause of the resistance to the power plant is allegations from local residents near the power plant that the S. Alam Group bought their land to construct a garment factory to increase local employment, not a polluting power plant. The resistance was reportedly so strong that the S. Alam Group was willing to shift the entire plant to Chokoria if it could not convince the locals to support the plant. Another cause of protests was the environmental impact of the plant. An analysis of the air quality segment of the project's Environmental Impact Assessment (EIA) by the Helsinki-based Centre for Research on Energy and Clean Air, in collaboration with the Bangladesh Environmental Lawyers Association and the Bangladesh Working Group on External Debt, found that the EIA was filled with false information and omitted key details, in violation of the laws of Bangladesh. For example, the EIA failed to discuss the health impacts of the plant or mercy pollution, and falsely claimed that the air quality in Banskhali met Bangladeshi standards. The conclusions of the review suggested that the low-quality of the EIA was either the result of gross incompetence or deliberate manipulation. In a June 2021 letter to China's Commerce Minister, 129 activists and 79 organizations from 21 countries, including a number of well-known Bangladeshi figures, asked the Chinese Government to withdraw financing and technical support from the Banskhali Power Plant Project based on the project's lack of transparency, violations of human rights, and environmental damage.",Bangladesh,BGD,Asia,2018,230,ENERGY,Mixed,Yes,Loan,OOF,Implementation,This project supports the construction of a power plant located in Paschim Gandamara in Banskhali Upzila of Chittagong Division. More detailed locational information can be found at: https://www.openstreetmap.org/way/998933526#map=16/21.9751/91.8898.,,Yes,No,true,"Title: Bank of China (Singapore Branch) contributes to $1.78 billion buyer's credit for 2x660 MW Supercritical Coal-Fired Banskhali Power Plant Project
Description: In November 2010, Bangladesh Power Development Board (BPDB) began looking for sponsors to support the construction of a 2x660 MW supercritical coal-fired power plant — known as the 2x660 MW Supercritical Coal-Fired Banskhali Power Plant — in Paschim Gandamara within Banskhali Upzila and Chittagong Division. Then, on December 19, 2013, S. Alam Group — a Bangladeshi company that is active in the commodity trade, banking, insurance, and transportation sector — signed a deal with Shangdong Electric Power Corporation III (SEPCO III), a subsidiary of China Power Construction Co. (PowerChina), to set-up a joint venture company to finance, design, construct, and operate the 2x660 MW Supercritical Coal-Fired Banskhali Power Plant. The special purpose vehicle that was established, SS Power I Limited, is jointly owned by S. Alam Group (70% equity stake), SEPCO III Electric Power Construction Corporation (20% equity stake), and HTG Development Group Co. Ltd. (10% equity stake). The $2.506 billion Banskhali Power Plant is an independent power project (IPP) that was implemented on a build, own, and operate (BOO) basis and financed according to a debt-to-equity ratio of 71.1:28.9. On December 28, 2018, a syndicate of banks — including Bank of China (Qingdao Branch) as an arranger, lender, and original hedging bank, Bank of China Limited (Singapore Branch) as a lender, facility agent, offshore security agent, and offshore account bank, China Development Bank (CDB) as an arranger and lender, China Construction Bank (Shandong Branch) as an arranger, lender, original hedging bank, Agricultural Bank of China (Qingdao Branch) as a lender, China Minsheng Bank (Qingdao Branch) as a lender, and Rupali Bank Limited as a lender, onshore security agent, and onshore account bank — signed a $1.782 billion USD syndicated buyer’s credit agreement with SS Power I Limited for the 2x660 MW Supercritical Coal-Fired Banskhali Power Plant Project. The buyer’s credit carried a 15-year maturity and an unknown interest rate. It was also supported by a Sinosure credit insurance policy and secured by (collateralized against) a share pledge, account pledge, a mortgage and debenture. AidData estimates that each branch of Bank of China contributed $254,571,428.57 (captured in Records ID #52792 and #109971), CCB contributed $254,571,428.57 (captured in Record ID #98804), CDB contributed $254,571,428.57 (captured in Record ID #98814), and that ABC also contributed $254,571,428.57 (captured in Record ID #98815). The borrower was to use the proceeds of the loan to finance (a) 85% of the cost a $1.86 billion commercial (EPC) contract between S. Alam Group and SEPCO III, which was signed on June 29, 2015; and (b) 85% of the cost of the Sinosure premium and interest during construction under the senior buyer’s credit facility. The syndicated loan covered 71.1% of the total project cost. S. Alam Group, SEPCO III, and HTG Development Group Co. Ltd. were expected to cover the remaining 28.9% via equity contributions. Record ID #52792 captures the debt financing for the project, while Record ID #54275 captures the equity financing for the project. The purpose of the project was to construct a supercritical coal-fired power plant — with two 660 MW supercritical power generation units — and a new special coal unloading wharf in Paschim Gandamara within Banskhali Upzila and Chittagong Division (exact locational coordinates: 21.970844, 91.888932). The IPP is governed by the terms of an Implementation Agreement (IA) and a 25-year power purchase agreement (PPA) executed with Bangladesh Power Development Board (BPDB). SEPCO III is the general engineering, procurement, and construction (EPC) contractor responsible for project implementation. However, several other contractors are also involved in the project. Dongfang Electric Corporation is responsible for providing the turbine generators, while Babcock & Wilcox Beijing Co., Ltd. is responsible for providing the boiler equipment. Sinohydro Foundation Engineering Co., Ltd. is also involved in project implementation. A formal project unveiling ceremony took place on October 14, 2016, with Chinese President Xi Jinping and Prime Minister of Bangladesh Sheikh Hasina laying the plant's foundation. However, project implementation did not begin until significantly later. A n"
db0a82ee27f92e88,,,97947,,"Chinese Government provides USD 78,750 to United Nations Population Fund for COVID-19 health assistance in Gambia in April 2021","On April 19, 2021, the Chinese Government donated USD 78,750 through the United Nations Population Fund (UNFPA) to support COVID-19 health response activities in The Gambia and São Tomé and Príncipe, as part of the wider West and Central Africa regional response.",Gambia,GMB,Africa,2021,120,HEALTH,Development,,Grant,ODA,Completion,,,Yes,No,true,"Title: Chinese Government provides USD 78,750 to United Nations Population Fund for COVID-19 health assistance in Gambia in April 2021
Description: On April 19, 2021, the Chinese Government donated USD 78,750 through the United Nations Population Fund (UNFPA) to support COVID-19 health response activities in The Gambia and São Tomé and Príncipe, as part of the wider West and Central Africa regional response.
Country: Gambia
Region: Africa
Sector: HEALTH
Sector code: 120
Theme/intent: Development
Finance type: Grant
Flow class: ODA
Status: Completion"
34f197646c4a323e,,,70085,3580|1041,"China Eximbank provides $981 million buyer’s credit loan for Meiso-Dewanle Section of Addis Ababa–Djibouti Railway Project (Linked to Record ID#30171, #70086, #70083, #61941, #85163)","On May 15, 2013, China Eximbank and the Government of Ethiopia signed a $2,490,760,000 buyer’s credit loan (BCL) agreement for the Addis Ababa–Djibouti Railway Project. The BCL carried the following borrowing terms: a 15-year maturity, a 6-year grace period, and an interest rate of LIBOR plus a 3% margin. The loan was also backed by a credit insurance policy from China Export and Credit Insurance Corporation (SINOSURE). China Eximbank provided the loan, which was on-lent to Ethiopian Railways Corporation (ERC), in three separate loan tranches. The first tranche is worth $1,289,029,000 (captured via Record ID#70086) and it supported the Sebeta-Adama–Meiso Section of the Addis Ababa–Djibouti Railway Project. The second tranche is worth $981,260,000 (captured via Record ID#70085) and it supported the Meiso-Dewanle Section of the Addis Ababa–Djibouti Railway Project.  The third tranche is worth $220,471,000 (captured via Record ID#70083) and it supported the Addis Ababa–Djibouti Railway Rolling Stock Supply Project. The borrower was expected to use the proceeds of the $1,289,029,000 China Eximbank loan tranche to finance 70% of the cost of a $1,841,470,000.00 commercial (EPC) contract between the Ethiopian Railway Corporation (ERC) and China Railway Engineering Corporation (CREC), which was signed on October 25, 2011 (and modified on November 5, 2012, February 7, 2013, and March 15, 2013) to support the construction of a 329 km Sebeta (Addis Ababa) to Miesso section of the railway. The borrower was expected to use the proceeds of the $981,260,000 China Eximbank loan to finance 70% of the cost of a $1,401,800,000 commercial (EPC) contract between the ERC and China Civil Engineering Construction Corporation (CCECC), which was signed on December 16, 2011 (and modified on modified on November 2, 2012, February 7, 2013 and March 8, 2013) to support the construction of a 339 km section of the railway that runs from Miesso (Meiso) to Dewelle (Dewanle) on Ethiopia's border with Djibouti. The borrower was expected to use the proceeds of the $220,471,000 China Eximbank loan to finance approximately 85% of a $259 million commercial contract between China North Industries Corporation (NORINCO) and the ERC, which was signed in March 2013 to support the Addis Ababa–Djibouti Railway Rolling Stock Supply Project. The purpose of the Addis Ababa–Djibouti Railway Project was to construct a 750.224 km railway from Sebeta to Nagad. The purpose of the Sebeta-Adama–Meiso Section of the Addis Ababa–Djibouti Railway Project was to construct a 329.065 km railway section from Sebeta to Meiso (Mieso) that consists of two subsections: a 113.836 km railway subsection from Sebeta to Adama and a 215.229 km subsection from Adama to Meiso (Mieso). The purpose of the Meiso-Dewanle Section of the Addis Ababa–Djibouti Railway Project was to construct a 339.182 km railway section from Meiso (Mieso) or to Dewelle (Dewanle/Dawanle) on Ethiopia's border with Djibouti. The line runs from Mieso to the east — via Mulu, Afdem, Bike,Gota, Erer, and Hurso — to Dire-Dawa. It then turns to the north before reaching Arawa, and then runs from Adigala to Lasarat, Aysha, Dawanle and the border between Ethiopia and Djibouti.  The purpose of the Addis Ababa–Djibouti Railway Rolling Stock Supply Project was to acquire 5 electric locomotives, 6 diesel locomotives, 30 railway passenger cars and 1,100 railway freight cars for the Addis Ababa–Djibouti Railway.  * Loan Disbursements: According to the Government of Ethiopia’s Aid Management Platform (AMP), the $1,289,029,000 (ETB 24,004,264,432) loan tranche for the Sebeta-Adama–Meiso Section of the Addis Ababa–Djibouti Railway Project achieved a 104% disbursement rate, with China Eximbank making 14 loan disbursements (worth ETB 24,905,259,256) between 2014 and 2020: an ETB 1,062,992,126 disbursement on July 8, 2014, an ETB 5,420,000,000 disbursement on October 8, 2014, an ETB 2,303,030,303 disbursement on January 8, 2015, an ETB 5,597,115,886 disbursement on April 8, 2015, an ETB 1,808,159 disbursement on October 7, 2015, an ETB 1,740,583,177 disbursement on January 7, 2016, an ETB 825,731,677 disbursement on April 7, 2016, an ETB 2,165,153,034 disbursement on July 7, 2016, an ETB 143,690,666 disbursement on October 7, 2016, an ETB 923,238,863 disbursement on January 7, 2017, an ETB 325,274,645 disbursement on April 7, 2017, an ETB 372,159,087 disbursement on July 7, 2017, an ETB  1,422,471,270 disbursement on September 20, 2017, and an ETB 2,602,010,364 disbursement on November 12, 2020. According to the Government of Ethiopia’s AMP, the $981,260,000 (ETB 18,272,998,138) loan tranche for the Meiso-Dewanle Section of the Addis Ababa–Djibouti Railway Project achieved a 75% disbursement rate, with China Eximbank making 8 loan disbursements (worth ETB 13,669,737,755 ) between 2014 and 2017: an ETB 5,580,000,000 disbursement on October 8, 2014, an ETB 2,585,858,586 disbursement on January 8, 2015, an ETB 1,515,331,236 disbursement on July 8, 2015, an ETB 243,681,645 disbursement on January 7, 2016, an ETB 1,660,143,553 disbursement on July 7, 2016, an ETB 1,092,814,700 disbursement on October 7, 2016, an ETB 448,108,619 disbursement on January 7, 2017, and an ETB 543,799,417 disbursement on July 7, 2017. According to the Government of Ethiopia’s Aid Management Platform (AMP), the $220,471,000 (ETB 4,105,605,214) loan tranche for the Addis Ababa–Djibouti Railway Rolling Stock Supply Project achieved a 115% disbursement rate, with China Eximbank making 12 loan disbursements (worth ETB 4,738,085,121) between 2014 and 2021: an ETB 665,417,485 disbursement on December 4, 2014, an ETB 160,812,787 disbursement on August 4, 2015, an ETB 153,698,778 disbursement on September 8, 2015, an ETB 59,771,749 disbursement on December 14, 2015, an ETB 102,465,859 disbursement on December 21, 2015, an ETB 91,306,426 disbursement on February 18, 2016, an ETB 119,581,905 disbursement on May 26, 2015, an ETB 1,969,772,945 disbursement on June 8, 2016, an ETB 298,939,684 disbursement on October 28, 2016, an ETB 166,925,102 disbursement on April 6, 2017, an ETB 245,832,231 disbursement on June 21, 2019,  and an ETB 703,560,172 disbursement on January 20, 2021.  * Project Design:  The 759 km Addis Ababa–Djibouti Railway (‘Yali Railway’) is the only railway line connecting landlocked Ethiopia with a Djibouti Port. The railway begins at Sebeta, just outside of Ethiopia's capital of Addis Ababa. The city is served by two stations in its southern outskirts, at Furi-Labu and Indode. The line then runs southeast to Modjo and Adama, both towns located in the Ethiopian Great Rift Valley. At Modjo, a railway junction exists for the planned Modjo–Hawassa Railway. In addition, at Modjo the railway is connected to the Modjo Dry Port, Ethiopia's most important inland dry port and also Ethiopia's main hub for domestic and international freight services. At Adama, the railway turns northeast towards Dire Dawa. At Awash, there is a junction with the Awash–Hara Gebeya Railway, which is under construction as of 2018. Directly after Awash station, the line crosses 60 meters above the Awash River canyon over a 155 meter long bridge, the main bridge of the railway.The railway then proceeds to Dire Dawa, where it turns and heads directly for Djibouti. Crossing the Ethiopia-Djibouti border between Dewale and Ali Sabieh, the line reaches the Djibouti passenger terminal at Nagad railway station, near Djibouti–Ambouli International Airport. In February 2001; the Government of Ethiopia asked CCECC to inspect the line and propose a construction plan. This plan was put on hold for several years due to a lack of funding. After years of continued deterioration due to mismanagement, a 2007 pre-feasibility study indicated that the line needed to be renovated (at a cost of approximately $3.4 billion. The proposed renovation of the railway was designed to include a double track from Addis Ababa to Adama, a single track from Adama to Dewele, a 1035 meter long bridge, the grand bridge at DK42, the 155 meter Awash grand bridge, and a Labu station upgrade. Upon completion, it was envisaged that the Yaji Railway would run passenger trains (at 120 km/hr) and cargo trains (at 80 km/hr).   * Project Implementation:  Construction began in 2012 and the project as a whole had achieved a 50% completion rate by 2014.  Track laying for the railway began in May 2015.  The railway was opened for passenger services on October 4, 2016. Then, on December 31, 2017, Ethiopian Railway Company issued a project handover certificate to CREC and CCECC. The next day, on January 1, 2018, a ceremony was held to mark the beginning of the railway’s commercial operations. Two days later, in January 3, 2018, a two-way passenger train on the Ethiopian section of the railway went into service.  The Yali Railway was the first overseas railway constructed by Chinese enterprises that adhered to international standards (1,435 mm gauge line and electrification at 25 kV) and used Chinese equipment (CSR Zhuzhou for the rolling stock). The Sebeta-Adama–Meiso Section of the Addis Ababa–Djibouti Railway Project was originally scheduled (under the terms of the EPC contract) to commence on February 12, 2012 and reach completion within 42 months (August 12, 2015). It was ultimately completed about 15 months behind schedule (November 12, 2016).  The Meiso-Dewanle Section of the Addis Ababa–Djibouti Railway Project was originally scheduled (under the terms of the EPC contract) to commence on April 12, 2012 and reach completion within 42 months (October 12, 2015). It was ultimately completed about 14 months behind schedule (December 12, 2016). The Addis Ababa–Djibouti Railway Rolling Stock Supply Project was implemented between 2013 and 2015.  In April 2014, three diesel locomotives manufactured by arrived in Ethiopia by sea. Then, in October 2015, the ERC took delivery of 315 locomotives — that carry passengers and freight —  from NORINCO and Metals and Engineering Corporation. On December 13, 2015, 22 electric locomotives, 6 diesel locomotives and 6 passenger carriages arrived in the Port of Djibouti.   * Railway Operations & Management (Project Supervision and Control): On July 28, 2016, CREC and CCECC signed the Ethiopia-Djibouti Railway Operation and Management Agreement. The agreement specified that the CREC-CCECC consortium (also known as the CCECC-CREC JV and 中土集团与中铁二局亚吉铁路联营体公司) would manage the railway for 5 years (following construction completion). Then, on December 16, 2015, ERC and Société Djiboutienne de Chemin de Fer (SDCF) established a joint venture called the Ethio-Djibouti Standard Gauge Railway Company (EDR). ERC holds a 75% ownership stake and SDCF holds a 25% ownership stake in EDR. The main purpose of the EDR is to manage the Addis Ababa–Djibouti Railway (including the maintenance and renewal of all infrastructure and equipment) and to operate freight and passenger transport services on the line from 2024. The December 16, 2015 agreement specified that  CREC and CCECC would operate and maintain the railway for six years from the launch of operations and provide two additional years of technical support during the gradual handover of management duties to EDR from 2024. The CREC-CCECC consortium officially transferred management and operation responsibilities to EDR in May 2024.  * Financial Performance Problems: The project has faced financial problems associated with lower traffic volumes than predicted in the transport forecast and currency exchange rate fluctuations (as the project’s debt was issued in USD, but construction and operation costs as well as revenues are denominated in Ethiopian Birr or ETB).  It remains to be seen if the Yali Railway will find a path to commercial viability. The price of a railway passenger ticket was initially set at 30 Ethiopian birr (ETB). However, this price was subsequently deemed too high and reduced to 4 ETB, which means that the railway will generate substantially less ticket revenue than originally planned.  After the project was completed, the borrower repeatedly defaulted on its principal and interest payment obligations (before and after debt restructuring). Sinosure has made at least eight indemnity payments to China Eximbank worth approximately $200 million since February 2020. However, some reporting suggests that Sinosure has written off as much as $1 billion in losses due to the poor commercial performance of the Addis Ababa–Djibouti Railway.  On or around September 4, 2018, China Eximbank and the Government of Ethiopia restructured the three buyer’s credit loan agreements for the Sebeta-Adama–Meiso Section of the Addis Ababa–Djibouti Railway Project, the Meiso-Dewanle Section of the Addis Ababa–Djibouti Railway Project, and the Addis Ababa–Djibouti Railway Rolling Stock Supply Project that were signed in May 2013. Under the terms of the restructuring agreements, the maturities of the loans were reportedly extended by an additional sixteen years (i.e., from 15 years to 31 years, or from 2028 to 2044). Additionally, the grace period of two of the loans were reportedly extended by 5 years, including the $1.28 billion China Eximbank buyer's credit loan and the $981 million China Eximbank buyer's credit loan  (i.e., from 6 years to 11 years, or from 2019 to 2024). The  grace period of the third loan (the $220 million China Eximbank buyer's credit loan) was reportedly extended by an additional 6 years (i.e., from 6 years to 12 years, or from 2019 to 2025). The 2018 debt rescheduling record for the $1.28 billion China Eximbank buyer’s credit loan that supported the Sebeta-Adama–Meiso Section of the Addis Ababa–Djibouti Railway Project is captured via Record ID#96154. After the debt rescheduling agreement was finalized, the loan's first and last scheduled principal payment dates were reset to July 21, 2024 and January 21, 2044. Its first and last scheduled interest payment dates were reset to July 21, 2014 and January 21, 2044. The 2018 debt rescheduling record for the $981 million China Eximbank buyer’s credit loan that supported the Meiso-Dewanle Section of the Addis Ababa–Djibouti Railway Project is captured via Record ID#96155. After the debt rescheduling agreement was finalized, the loan's first and last scheduled principal payment dates were reset to July 21, 2024 and January 21, 2044. Its first and last scheduled interest payment dates were reset to July 21, 2014 and January 21, 2044. The 2018 debt rescheduling record for the $220 million China Eximbank buyer’s credit loan that supported the Addis Ababa–Djibouti Railway Rolling Stock Supply Project is captured via Record ID#61941.  After the debt rescheduling agreement was finalized, the loan's first and last scheduled principal payment dates were reset to January 21, 2025 and July 21, 2044. Its first and last scheduled interest payment dates were reset to January 21, 2015 and January 21, 2044. The Government of Djibouti also requested a restructuring of its $491,793,000 buyer's credit loan agreement with China Eximbank for the 100 km Ali Sabieh to Nagad Section of the Addis Ababa–Djibouti Railway Project on December 31, 2017.  The Djiboutian authorities reported to the IMF that a memorandum of understanding (MOU) was signed in 2019 to extend the grace period from 5 years to 10 years, extend maturity of the loan from 15 years to 25 years, and reduce the interest rate from 3.409% (0.409% [2013 avg. 6-month LIBOR] + 3% [300 basis points]) to 2.509% (0.409% [2013 avg. 6-month LIBOR] + 2.1% [210 basis points]). The Djiboutian authorities also indicated that arrears on interest payments on this loan that had been accumulated during the restructuring discussion (worth 1.2 percent of the country’s GDP) had been restructured—and that they were integrated to the principal and expected to be repaid over the extended amortization period The new terms of the loan reportedly reduced the present value of the country’s debt-to-GDP ratio by 4 percentage points and smoothed total debt service. However, the final loan restructuring agreement (captured via Record ID#85163) was not signed until September 2, 2020. It not only codified the terms and conditions that were first specified in the 2019 MOU, but also sought to improve the performance and profitability of the railway in order to increase revenue generation. The restructuring agreement was ratified into Djiboutian law in February 2021.   * Operational Performance Problems:  Energy supply is not always stable in Ethiopia, due to the variable level of water in the country’s dams. The lack of stable energy supply delayed the start of railway operations, even after construction was complete.  ‘Overvoltage’ problems also led to repeated service interruptions after the railway began commercial operations in early 2018. This is a technical problem where surges in the electrical grid (due to Ethiopia exporting power to its neighbors) lead to overvoltage in the railway transmission line, akin to blowing a fuse. The railway line has also been flooded on several occasions, halting or delaying services. The Ethiopian Government claims that the standards used by the Chinese companies to build the railway did not take flooding into account. CCECC and CREC, however, argue that their standards accounted for potential floods, but that, in the flooded sections, tracks were stolen, causing structural damage to the railroad. Field interview evidence has also revealed a number of accidents involving animals (camels in particular) being hit by trains and killed. As the ERC has paid more than the market price for camels in compensation, there are suspicions that people are pushing their camels in front of trains deliberately. There is a plan is to build a fence along the railway, which should reduce accidents and enable trains to travel faster, from the current 50 km/h to 80 km/h. However, there is a risk that this may in turn create other problems, including interrupting paths used by people and animals. Railway service interruptions have also occurred due to protests, For example, in late July 2021, a group of Somali Region protestors blocked the railway line following an attack by Afar regional militia. The line reopened on August 3, 2021.",Ethiopia,ETH,Africa,2013,210,TRANSPORT AND STORAGE,Mixed,Yes,Loan,OOF,Completion,"The purpose of the Meiso-Dewanle Section of the Addis Ababa–Djibouti Railway Project was to construct a 339.182 km railway section from Meiso (Mieso) or to Dewelle (Dewanle/Dawanle) on Ethiopia's border with Djibouti. The line runs from Mieso to the east — via Mulu, Afdem, Bike,Gota, Erer, and Hurso — to Dire-Dawa. It then turns to the north before reaching Arawa, and then runs from Adigala to Lasarat, Aysha, Dawanle and the border between Ethiopia and Djibouti. More detailed locational information can be found at: https://www.openstreetmap.org/relation/6281977",,Yes,No,true,"Title: China Eximbank provides $981 million buyer’s credit loan for Meiso-Dewanle Section of Addis Ababa–Djibouti Railway Project (Linked to Record ID#30171, #70086, #70083, #61941, #85163)
Description: On May 15, 2013, China Eximbank and the Government of Ethiopia signed a $2,490,760,000 buyer’s credit loan (BCL) agreement for the Addis Ababa–Djibouti Railway Project. The BCL carried the following borrowing terms: a 15-year maturity, a 6-year grace period, and an interest rate of LIBOR plus a 3% margin. The loan was also backed by a credit insurance policy from China Export and Credit Insurance Corporation (SINOSURE). China Eximbank provided the loan, which was on-lent to Ethiopian Railways Corporation (ERC), in three separate loan tranches. The first tranche is worth $1,289,029,000 (captured via Record ID#70086) and it supported the Sebeta-Adama–Meiso Section of the Addis Ababa–Djibouti Railway Project. The second tranche is worth $981,260,000 (captured via Record ID#70085) and it supported the Meiso-Dewanle Section of the Addis Ababa–Djibouti Railway Project. The third tranche is worth $220,471,000 (captured via Record ID#70083) and it supported the Addis Ababa–Djibouti Railway Rolling Stock Supply Project. The borrower was expected to use the proceeds of the $1,289,029,000 China Eximbank loan tranche to finance 70% of the cost of a $1,841,470,000.00 commercial (EPC) contract between the Ethiopian Railway Corporation (ERC) and China Railway Engineering Corporation (CREC), which was signed on October 25, 2011 (and modified on November 5, 2012, February 7, 2013, and March 15, 2013) to support the construction of a 329 km Sebeta (Addis Ababa) to Miesso section of the railway. The borrower was expected to use the proceeds of the $981,260,000 China Eximbank loan to finance 70% of the cost of a $1,401,800,000 commercial (EPC) contract between the ERC and China Civil Engineering Construction Corporation (CCECC), which was signed on December 16, 2011 (and modified on modified on November 2, 2012, February 7, 2013 and March 8, 2013) to support the construction of a 339 km section of the railway that runs from Miesso (Meiso) to Dewelle (Dewanle) on Ethiopia's border with Djibouti. The borrower was expected to use the proceeds of the $220,471,000 China Eximbank loan to finance approximately 85% of a $259 million commercial contract between China North Industries Corporation (NORINCO) and the ERC, which was signed in March 2013 to support the Addis Ababa–Djibouti Railway Rolling Stock Supply Project. The purpose of the Addis Ababa–Djibouti Railway Project was to construct a 750.224 km railway from Sebeta to Nagad. The purpose of the Sebeta-Adama–Meiso Section of the Addis Ababa–Djibouti Railway Project was to construct a 329.065 km railway section from Sebeta to Meiso (Mieso) that consists of two subsections: a 113.836 km railway subsection from Sebeta to Adama and a 215.229 km subsection from Adama to Meiso (Mieso). The purpose of the Meiso-Dewanle Section of the Addis Ababa–Djibouti Railway Project was to construct a 339.182 km railway section from Meiso (Mieso) or to Dewelle (Dewanle/Dawanle) on Ethiopia's border with Djibouti. The line runs from Mieso to the east — via Mulu, Afdem, Bike,Gota, Erer, and Hurso — to Dire-Dawa. It then turns to the north before reaching Arawa, and then runs from Adigala to Lasarat, Aysha, Dawanle and the border between Ethiopia and Djibouti. The purpose of the Addis Ababa–Djibouti Railway Rolling Stock Supply Project was to acquire 5 electric locomotives, 6 diesel locomotives, 30 railway passenger cars and 1,100 railway freight cars for the Addis Ababa–Djibouti Railway. * Loan Disbursements: According to the Government of Ethiopia’s Aid Management Platform (AMP), the $1,289,029,000 (ETB 24,004,264,432) loan tranche for the Sebeta-Adama–Meiso Section of the Addis Ababa–Djibouti Railway Project achieved a 104% disbursement rate, with China Eximbank making 14 loan disbursements (worth ETB 24,905,259,256) between 2014 and 2020: an ETB 1,062,992,126 disbursement on July 8, 2014, an ETB 5,420,000,000 disbursement on October 8, 2014, an ETB 2,303,030,303 disbursement on January 8, 2015, an ETB 5,597,115,886 disbursement on April 8, 2015, an ETB 1,808,159 disbursement on October 7, 2015, an ETB 1,740,583,177 disbursement on January 7, 2016, an ETB 825,731,677 disbursement on April 7, 2016, an ETB 2,165,153,034 disbursement on July 7, 2016, an ETB 143,690,666 disbursement on October 7, 2016, an ETB 92"
066623aed89c7027,,,30173,,Monetary donation for internally displaced persons,"On Thursday, May 15, 2008, the Kenyan President gave a speech thanking the Chinese government for their monetary donation to benefit internally displaced persons. The Chinese embassy gave $23,000 US dollars to the fund for resettlement from the post-election crisis. ",Kenya,KEN,Africa,2008,720,EMERGENCY RESPONSE,Development,,Grant,ODA,Completion,,,Yes,No,true,"Title: Monetary donation for internally displaced persons
Description: On Thursday, May 15, 2008, the Kenyan President gave a speech thanking the Chinese government for their monetary donation to benefit internally displaced persons. The Chinese embassy gave $23,000 US dollars to the fund for resettlement from the post-election crisis.
Country: Kenya
Region: Africa
Sector: EMERGENCY RESPONSE
Sector code: 720
Theme/intent: Development
Finance type: Grant
Flow class: ODA
Status: Completion"
14cb2628ab376f6d,,,97938,,"Chinese Government provides USD 1,069,750 for UNICEF water, sanitation, and hygiene project in Zimbabwe in December 2020","On December 19, 2020, the Chinese Government contributed USD 1,069,750 to the United Nations Children’s Fund (UNICEF) to support water, sanitation, and hygiene (WASH) interventions in Zimbabwe under the 2020 Zimbabwe Humanitarian Response Plan. The funding was allocated through UNICEF’s WASH sector program (SM190538) and aimed to improve access to safe water and sanitation, as well as promote hygiene practices among vulnerable communities affected by humanitarian crises.  ",Zimbabwe,ZWE,Africa,2020,120,HEALTH,Development,,Grant,ODA,Completion,,,Yes,No,true,"Title: Chinese Government provides USD 1,069,750 for UNICEF water, sanitation, and hygiene project in Zimbabwe in December 2020
Description: On December 19, 2020, the Chinese Government contributed USD 1,069,750 to the United Nations Children’s Fund (UNICEF) to support water, sanitation, and hygiene (WASH) interventions in Zimbabwe under the 2020 Zimbabwe Humanitarian Response Plan. The funding was allocated through UNICEF’s WASH sector program (SM190538) and aimed to improve access to safe water and sanitation, as well as promote hygiene practices among vulnerable communities affected by humanitarian crises.
Country: Zimbabwe
Region: Africa
Sector: HEALTH
Sector code: 120
Theme/intent: Development
Finance type: Grant
Flow class: ODA
Status: Completion"
458d5a335c59123b,,,34687,,China pledges grant of 50 million Chinese Yuan to Indonesia for economic and technical cooperation,"On March 24, 2002 China and Indonesia signed a Memorandum of Understanding. China pledged a grant of 50 million Chinese Yuan to promote economic and technical cooperation between the two countries.
 
 ",Indonesia,IDN,Asia,2002,998,UNALLOCATED/UNSPECIFIED,Development,,Grant,ODA,Pipeline: Pledge,,,No,Yes,true,"Title: China pledges grant of 50 million Chinese Yuan to Indonesia for economic and technical cooperation
Description: On March 24, 2002 China and Indonesia signed a Memorandum of Understanding. China pledged a grant of 50 million Chinese Yuan to promote economic and technical cooperation between the two countries.
Country: Indonesia
Region: Asia
Sector: UNALLOCATED/UNSPECIFIED
Sector code: 998
Theme/intent: Development
Finance type: Grant
Flow class: ODA
Status: Pipeline: Pledge"
c926c7f2a7a19419,,,108648,30|4776,Lancang-Mekong Fund provides USD $2 million to Cambodia for 9 projects in 2023,"In 2023, Cambodia received USD $2 million from the Lancang-Mekong Fund for nine projects in the following fields:  - Transportation and logistics (Record ID#108775) - Information Technology - Food security - Research - Capacity building (Record ID#108675) - Heritage conservation ",Cambodia,KHM,Asia,2023,430,OTHER MULTISECTOR,Development,,Grant,ODA,Pipeline: Pledge,,,No,Yes,true,"Title: Lancang-Mekong Fund provides USD $2 million to Cambodia for 9 projects in 2023
Description: In 2023, Cambodia received USD $2 million from the Lancang-Mekong Fund for nine projects in the following fields: - Transportation and logistics (Record ID#108775) - Information Technology - Food security - Research - Capacity building (Record ID#108675) - Heritage conservation
Country: Cambodia
Region: Asia
Sector: OTHER MULTISECTOR
Sector code: 430
Theme/intent: Development
Finance type: Grant
Flow class: ODA
Status: Pipeline: Pledge"
74c872062767d358,,,68078,,China Eximbank provides $20 million export seller's credit for 30MW Thapanzeik Hydropower Plant Construction Project,"On November 20, 1998, China International Trust and Investment Corporation (CITIC) Technology Co Ltd signed a EPC contract with Myanmar Electrical Power Enterprise (MEPE) to provide equipment and services for the 30MW Thapanzeik Hydropower Plant (HPP) Construction Project. Then, on May 30, 2000, Sinohydro Corporation Limited and CITIC signed a contract to assist with the installation of power generating equipment and structures. China Eximbank issued a $20 million export seller’s credit to help finance one or both of these contracts. The borrowing terms of the loan are unknown. It is also unknown if CITIC or Sinohydro Corporation Limited on-lent the proceeds of the export seller’s credit to the Government of Myanmar.   Thapanzeik HPP, situated on the Mu River in the Sagaing Region (exact locational coordinates: 23.305918, 95.358330) is approximately 6 km long, making it one of the largest dams in Southeast Asia. It is a multipurpose dam, providing water for irrigation and electricity for the nation’s socioeconomic development. The dam enables year-round irrigation of over 200,000 ha with feeder canals extending to eight townships. It has 30 MW of installed HP capacity comprised of three 10 MW turbines. This multipurpose facility owned by MoALI on the Mu River incorporates a 30 MW power plant. It joins the Ayeyarwady from the west about 40 km downstream of Mandalay City. Its 33 m high dam created the largest man-made reservoir in Myanmar to date with an inundation of 397 km2 . It is 43 km long along its main branch. A diversion weir about 11 km downstream of the dam diverts water for irrigation on both banks of the Mu River. Although the Ayeyarwady has been little used for irrigation in the central dry zone, its tributary, the Mu River, has been used for this purpose since the 9th century. The Mu Valley Irrigation Project is among the largest in the country. It permits the dry-season cropping of corn, peanuts, sesame, wheat, cotton, millet, and other dry crops. About one-sixth of the total rice grown in Myanmar comes from the irrigated areas of Mandalay, Sagaing, and Magwe divisions.   The power plant is connected to Ngapyadaing substation by a 53 km long 132 kV transmission line. Myanmar Electric Power Enterprise and Myanmar Ministry of Agriculture, Animal Husbandry, and Irrigation were said to be developers of the power plant. The project was completed on June 18, 2002.",Myanmar,MMR,Asia,2000,230,ENERGY,Mixed,Yes,Loan,OOF,Completion,"This project involved the construction of a 30MW hydropower plant on the Mu River in the Sagaing Region (exact locational coordinates: 23.305918, 95.358330). More detailed locational information can be found at https://www.openstreetmap.org/way/472475373#map=15/23.3068/95.3485.",,Yes,No,true,"Title: China Eximbank provides $20 million export seller's credit for 30MW Thapanzeik Hydropower Plant Construction Project
Description: On November 20, 1998, China International Trust and Investment Corporation (CITIC) Technology Co Ltd signed a EPC contract with Myanmar Electrical Power Enterprise (MEPE) to provide equipment and services for the 30MW Thapanzeik Hydropower Plant (HPP) Construction Project. Then, on May 30, 2000, Sinohydro Corporation Limited and CITIC signed a contract to assist with the installation of power generating equipment and structures. China Eximbank issued a $20 million export seller’s credit to help finance one or both of these contracts. The borrowing terms of the loan are unknown. It is also unknown if CITIC or Sinohydro Corporation Limited on-lent the proceeds of the export seller’s credit to the Government of Myanmar. Thapanzeik HPP, situated on the Mu River in the Sagaing Region (exact locational coordinates: 23.305918, 95.358330) is approximately 6 km long, making it one of the largest dams in Southeast Asia. It is a multipurpose dam, providing water for irrigation and electricity for the nation’s socioeconomic development. The dam enables year-round irrigation of over 200,000 ha with feeder canals extending to eight townships. It has 30 MW of installed HP capacity comprised of three 10 MW turbines. This multipurpose facility owned by MoALI on the Mu River incorporates a 30 MW power plant. It joins the Ayeyarwady from the west about 40 km downstream of Mandalay City. Its 33 m high dam created the largest man-made reservoir in Myanmar to date with an inundation of 397 km2 . It is 43 km long along its main branch. A diversion weir about 11 km downstream of the dam diverts water for irrigation on both banks of the Mu River. Although the Ayeyarwady has been little used for irrigation in the central dry zone, its tributary, the Mu River, has been used for this purpose since the 9th century. The Mu Valley Irrigation Project is among the largest in the country. It permits the dry-season cropping of corn, peanuts, sesame, wheat, cotton, millet, and other dry crops. About one-sixth of the total rice grown in Myanmar comes from the irrigated areas of Mandalay, Sagaing, and Magwe divisions. The power plant is connected to Ngapyadaing substation by a 53 km long 132 kV transmission line. Myanmar Electric Power Enterprise and Myanmar Ministry of Agriculture, Animal Husbandry, and Irrigation were said to be developers of the power plant. The project was completed on June 18, 2002.
Country: Myanmar
Region: Asia
Sector: ENERGY
Sector code: 230
Theme/intent: Mixed
Infrastructure: Yes
Finance type: Loan
Flow class: OOF
Status: Completion
Location: This project involved the construction of a 30MW hydropower plant on the Mu River in the Sagaing Region (exact locational coordinates: 23.305918, 95.358330). More detailed locational information can be found at https://www.openstreetmap.org/way/472475373#map=15/23.3068/95.3485."
d9619d4e8675c347,,,38028,,China donates 3 million RMB worth of office equipment to Indonesia ,"On 17 September 2007, the Chinese government had a handover ceremony with the Indonesian Ministry of Trade  office equipment. The Chinese donated 3 million yuan worth of office equipment, including 300 computers, 250 laser printers, and 50 laptops. ",Indonesia,IDN,Asia,2007,150,GOVERNMENT AND CIVIL SOCIETY,Development,,Grant,ODA,Completion,,,Yes,No,true,"Title: China donates 3 million RMB worth of office equipment to Indonesia
Description: On 17 September 2007, the Chinese government had a handover ceremony with the Indonesian Ministry of Trade office equipment. The Chinese donated 3 million yuan worth of office equipment, including 300 computers, 250 laser printers, and 50 laptops.
Country: Indonesia
Region: Asia
Sector: GOVERNMENT AND CIVIL SOCIETY
Sector code: 150
Theme/intent: Development
Finance type: Grant
Flow class: ODA
Status: Completion"
dfa1db38df16b393,,,66687,,China sends 14 teachers to Serbia to aid in a Chinese Language Pilot Project,"On March 14, 2012, Education Minister Zarko Obradovic and Chinese ambassador Zhang Wanxue signed a Memorandum of Understanding regarding the introduction of Chinese language into 32 Serbian primary and secondary schools. The pilot project would last until the end of the year, and, if proven successful, there would be a possibility of introducing the Chinese language as an optional school subject. The pilot project was extended to 2013, but it is unclear if it was extended further.
 
 The project would introduce the language to approximately 2,462 students in the participating schools. Ambassador Wanxue said that the instruction will be given by 14 teachers from China, who will provide lessons twice a week to anyone who chooses the subject from third grade onwards in primary schools. According to the source ""Serbian Schools Get to Grips With Chinese,"" the teachers are volunteers.
 
 ",Serbia,SRB,Europe,2012,110,EDUCATION,Representational,,Grant,OOF,Completion,,,Yes,No,true,"Title: China sends 14 teachers to Serbia to aid in a Chinese Language Pilot Project
Description: On March 14, 2012, Education Minister Zarko Obradovic and Chinese ambassador Zhang Wanxue signed a Memorandum of Understanding regarding the introduction of Chinese language into 32 Serbian primary and secondary schools. The pilot project would last until the end of the year, and, if proven successful, there would be a possibility of introducing the Chinese language as an optional school subject. The pilot project was extended to 2013, but it is unclear if it was extended further. The project would introduce the language to approximately 2,462 students in the participating schools. Ambassador Wanxue said that the instruction will be given by 14 teachers from China, who will provide lessons twice a week to anyone who chooses the subject from third grade onwards in primary schools. According to the source ""Serbian Schools Get to Grips With Chinese,"" the teachers are volunteers.
Country: Serbia
Region: Europe
Sector: EDUCATION
Sector code: 110
Theme/intent: Representational
Finance type: Grant
Flow class: OOF
Status: Completion"
2ff4c2223ca8f91c,,,43877,,China opens Confucius Institute at Colombo University,"On September 16, 2014, in the presence of Chinese President Xi Jinping and Sri Lankan President Mahinda Rajapaksa, Madam Xu Lin, Chief Executive of Confucius Institute Headquarters and Director General of Hanban, signed an agreement on the joint establishment of the Confucius Institute at University of Colombo with Dr. W. K. Hirimburegama, Vice-Chancellor of the University.
 
 On December 30, 2016, the construction completed. The institute officially started operations in May 2017.
 
 City		Colombo
 Institutions		Foreign Institution: Colombo University
 Chinese Institution: Beijing Foreign Studies University; Honghe University
 Timeline		Start running:
 Contact		Person of contact: 
 Address: 
 Tel: 
 Fax: 
 E-mail:",Sri Lanka,LKA,Asia,2014,110,EDUCATION,Representational,,Grant,OOF,Completion," On September 16, 2014, in the presence of Chinese President Xi Jinping and Sri Lankan President Mahinda Rajapaksa, Madam Xu Lin, Chief Executive of Confucius Institute Headquarters and Director General of Hanban, signed an agreement on the joint establishment of the Confucius Institute at University of Colombo with Dr. W. K. Hirimburegama, Vice-Chancellor of the University.More detailed locational information can be found at https://www.openstreetmap.org/way/403292050",,Yes,No,true,"Title: China opens Confucius Institute at Colombo University
Description: On September 16, 2014, in the presence of Chinese President Xi Jinping and Sri Lankan President Mahinda Rajapaksa, Madam Xu Lin, Chief Executive of Confucius Institute Headquarters and Director General of Hanban, signed an agreement on the joint establishment of the Confucius Institute at University of Colombo with Dr. W. K. Hirimburegama, Vice-Chancellor of the University. On December 30, 2016, the construction completed. The institute officially started operations in May 2017. City Colombo Institutions Foreign Institution: Colombo University Chinese Institution: Beijing Foreign Studies University; Honghe University Timeline Start running: Contact Person of contact: Address: Tel: Fax: E-mail:
Country: Sri Lanka
Region: Asia
Sector: EDUCATION
Sector code: 110
Theme/intent: Representational
Finance type: Grant
Flow class: OOF
Status: Completion
Location: On September 16, 2014, in the presence of Chinese President Xi Jinping and Sri Lankan President Mahinda Rajapaksa, Madam Xu Lin, Chief Executive of Confucius Institute Headquarters and Director General of Hanban, signed an agreement on the joint establishment of the Confucius Institute at University of Colombo with Dr. W. K. Hirimburegama, Vice-Chancellor of the University.More detailed locational information can be found at https://www.openstreetmap.org/way/403292050"
78691a64ac0d971e,,,98605,,"XCMG Construction donates 10,000 masks to Amazonas, Brazil in January 2021 (Linked to Record ID#97190, #98604, #97746, and #97747)","On January 22, 2021, the ambassador of the People's Republic of China, Mr. Yang Wanming, handed over new donations and emergency aid for the Amazonian population to the Governor of Amazonas, Wilson Lima. The purpose of this donation is to help support the effort against COVID-19 in Brazil.  The donation includes a cash donation of USD 80,000 – donated by the National Red Cross Society of the People's Republic of China to the Fund for Social Promotion and Eradication of Poverty in Amazonas, an entity linked to the Civil House; 50,000 masks – sent by the Government of Guangdong Province; 25 oxygen concentrators – donated by Huawei; 900 kg of oxygen and 200 basic food baskets - donated by the Chinese company Gree; 300,000 masks – contribution from the Chinese company BYD Brasil; 10 thousand masks – by the Chinese company XCMG; ISO Container – donation equivalent to 1,700 cylinders of oxygen, from Instituto Sociocultural Brasil/China – IBRACHINA.  Zhuhai Gree Group Co.'s contribution is captured in Record ID#97190. Guangdong Province's contribution is captured in Record ID#98604. XCMG's contribution is captured in Record ID#98605. The National Red Cross Society of the People's Republic of China's contribution is captured in Record ID#97746. The private companies' contribution is captured in Record ID#97747.",Brazil,BRA,America,2021,120,HEALTH,Development,,Grant,ODA,Completion,"On January 22, 2021, the ambassador of the People's Republic of China, Mr. Yang Wanming, handed over new donations and emergency aid for the Amazonian population to the Governor of Amazonas, Wilson Lima. The purpose of this donation is to help support the effort against COVID-19 in Brazil. For more detailed location information: https://www.openstreetmap.org/relation/332476#map=5/-8.103/-59.194",,Yes,No,true,"Title: XCMG Construction donates 10,000 masks to Amazonas, Brazil in January 2021 (Linked to Record ID#97190, #98604, #97746, and #97747)
Description: On January 22, 2021, the ambassador of the People's Republic of China, Mr. Yang Wanming, handed over new donations and emergency aid for the Amazonian population to the Governor of Amazonas, Wilson Lima. The purpose of this donation is to help support the effort against COVID-19 in Brazil. The donation includes a cash donation of USD 80,000 – donated by the National Red Cross Society of the People's Republic of China to the Fund for Social Promotion and Eradication of Poverty in Amazonas, an entity linked to the Civil House; 50,000 masks – sent by the Government of Guangdong Province; 25 oxygen concentrators – donated by Huawei; 900 kg of oxygen and 200 basic food baskets - donated by the Chinese company Gree; 300,000 masks – contribution from the Chinese company BYD Brasil; 10 thousand masks – by the Chinese company XCMG; ISO Container – donation equivalent to 1,700 cylinders of oxygen, from Instituto Sociocultural Brasil/China – IBRACHINA. Zhuhai Gree Group Co.'s contribution is captured in Record ID#97190. Guangdong Province's contribution is captured in Record ID#98604. XCMG's contribution is captured in Record ID#98605. The National Red Cross Society of the People's Republic of China's contribution is captured in Record ID#97746. The private companies' contribution is captured in Record ID#97747.
Country: Brazil
Region: America
Sector: HEALTH
Sector code: 120
Theme/intent: Development
Finance type: Grant
Flow class: ODA
Status: Completion
Location: On January 22, 2021, the ambassador of the People's Republic of China, Mr. Yang Wanming, handed over new donations and emergency aid for the Amazonian population to the Governor of Amazonas, Wilson Lima. The purpose of this donation is to help support the effort against COVID-19 in Brazil. For more detailed location information: https://www.openstreetmap.org/relation/332476#map=5/-8.103/-59.194"
f6da94cc0691067f,,,108804,4773,"The United Nations Peace and Development Trust Fund provides USD $1,014,360 to build expertise in policy and practice at Science, Technology, and Innovation Parks in selected Asian and African countries","In 2016, the Chinese Government pledged to contribute $200 million to the United Nations over a ten year period. The United Nations Peace and Development Trust Fund (UNPDF) was established to channel these earmarked funds to specific projects in coordination with the UN. The UNPDF is divided into two sub-funds: The 2030 Agenda for Sustainable Development Sub-Fund and The Secretary-General's Peace and Security Sub-Fund.  Approved in 2022 by UNPDF, USD $1,014,360 was allocated from the 2030 Agenda for Sustainable Development Sub-Fund to address the challenges associated with establishing and managing successful science, technology, and innovation parks (STI) such as limited capacity for policy formulation and implementation, lack of practical experience, and insufficient mechanisms for knowledge sharing between countries. This project will aims to facilitate technology adoption and innovation in firms and industries, with a focus on accelerating the SDGs and improving resilience to COVID-19 and future crises. The project will build expertise and enhance capacity in four developing countries, particularly Least Developed Countries (LDCs) and Landlocked Developing Countries (LLDCs) by leveraging opportunities for South-South collaboration. This will be achieved through on-site training workshops at successful STI parks in China and capacity-building exchanges in beneficiary countries. By enabling peer-to-peer learning and knowledge transfer from experienced STI park operators, the project seeks to equip participating countries with the practical skills and insights needed to formulate coherent policies, develop institutional frameworks, and effectively manage their own STI parks.   Recipient countries include Ghana, Mongolia, Mozambique and Uzbekistan. The implementing entity is UNCTAD. Collaborating partners include UNDP, UNECA, UNESCAP, UNRCOs, Ministry of Science and Technology, provincial agency in charge of science and technology, STI parks and STI research institutes in beneficiary countries and China. The project's scheduled duration is April 2023 - April 2026.",Multi-Region,,Multi-Region,2022,430,OTHER MULTISECTOR,Development,,Grant,ODA,Implementation,"Ghana, Mongolia, Mozambique and Uzbekistan",,Yes,No,true,"Title: The United Nations Peace and Development Trust Fund provides USD $1,014,360 to build expertise in policy and practice at Science, Technology, and Innovation Parks in selected Asian and African countries
Description: In 2016, the Chinese Government pledged to contribute $200 million to the United Nations over a ten year period. The United Nations Peace and Development Trust Fund (UNPDF) was established to channel these earmarked funds to specific projects in coordination with the UN. The UNPDF is divided into two sub-funds: The 2030 Agenda for Sustainable Development Sub-Fund and The Secretary-General's Peace and Security Sub-Fund. Approved in 2022 by UNPDF, USD $1,014,360 was allocated from the 2030 Agenda for Sustainable Development Sub-Fund to address the challenges associated with establishing and managing successful science, technology, and innovation parks (STI) such as limited capacity for policy formulation and implementation, lack of practical experience, and insufficient mechanisms for knowledge sharing between countries. This project will aims to facilitate technology adoption and innovation in firms and industries, with a focus on accelerating the SDGs and improving resilience to COVID-19 and future crises. The project will build expertise and enhance capacity in four developing countries, particularly Least Developed Countries (LDCs) and Landlocked Developing Countries (LLDCs) by leveraging opportunities for South-South collaboration. This will be achieved through on-site training workshops at successful STI parks in China and capacity-building exchanges in beneficiary countries. By enabling peer-to-peer learning and knowledge transfer from experienced STI park operators, the project seeks to equip participating countries with the practical skills and insights needed to formulate coherent policies, develop institutional frameworks, and effectively manage their own STI parks. Recipient countries include Ghana, Mongolia, Mozambique and Uzbekistan. The implementing entity is UNCTAD. Collaborating partners include UNDP, UNECA, UNESCAP, UNRCOs, Ministry of Science and Technology, provincial agency in charge of science and technology, STI parks and STI research institutes in beneficiary countries and China. The project's scheduled duration is April 2023 - April 2026.
Country: Multi-Region
Region: Multi-Region
Sector: OTHER MULTISECTOR
Sector code: 430
Theme/intent: Development
Finance type: Grant
Flow class: ODA
Status: Implementation
Location: Ghana, Mongolia, Mozambique and Uzbekistan"
a19af4eef1db95aa,,,95781,3955,"China Eximbank provides $22.4 million loan for construction and acquisition of a 53,100 dwt handymax bulk carrier (known as ‘Salim’) (Linked to Record ID#95762, 95763, 95764, 95779, and 95782)","On April 24, 2007, Islamic Republic of Iran Shipping Lines (IRISL) — an Iranian state-owned enterprise — signed six separate loan agreements with China Eximbank and other unspecified banks: a $29,950,000 loan agreement for the construction and acquisition of a 53,100 dwt handymax bulk carrier (known as ‘Rahim’, see Record ID#95762) with Hull No. DY109; a $29,950,000 loan agreement for the construction and acquisition of a 53,100 dwt handymax bulk carrier (known as ‘Karim’, see Record ID#95763) with Hull No. DY110; a $22,462,500 loan agreement for the construction and acquisition of a 53,100 dwt handymax bulk carrier (known as ‘Azim’, see Record ID#95764) with Hull No. DY111; a $22,462,500 loan agreement for the construction and acquisition of a 53,100 dwt handymax bulk carrier (known as ‘Alim’, see Record ID#95779) with Hull No. DY112; a $22,462,500 loan agreement for the construction and acquisition of a 53,100 dwt handymax bulk carrier (known as ‘Salim’, see Record ID#95781) with Hull No. DY113; and a $22,462,500 loan agreement for the construction and acquisition of a 53,100 dwt handymax bulk carrier (known as ‘Hakim’, see Record ID#95782) with Hull No. DY114. China Eximbank served as both the facility agent and the security trustee for the loan. The borrower was expected to use the proceeds from each loan to finance a $180 million commercial contract that it signed with Yangzhou Dayang Shipbuilding Co, Ltd on March 13, 2006 in order to construct and acquire the six bulk carriers. The borrowing terms that applied to the loans are unknown. However, it is known that each loan was collateralized against a mortgage over a 53,100 dwt handymax bulk carrier (vessel) and security over the earnings of the vessel. Yangzhou Dayang Shipbuilding Co, Ltd was the contractor responsible for the construction of the ships, while China National Aero-Technology Import and Export Corporation (CATIC) was the contractor responsible for the delivery of the ships to IRISL. The first of six ships was originally scheduled for delivery in February 2008 with the remaining five ships following at two monthly intervals (April 2008, June 2008, August 2008, October 2008, and December 2008). Construction of the vessels began in 2008, but their precise completion and delivery dates are unknown.",Iran,IRN,Middle East,2007,210,TRANSPORT AND STORAGE,Commercial,,Loan,OOF,Implementation,"China Eximbank provided a loan for construction and acquisition of a 53,100 dwt handymax bulk carrier.  More detailed locational information can be found at: https://www.openstreetmap.org/way/609532535",https://www.dropbox.com/s/jphcyt86d60swte/Deed%20of%20Covenant%20for%20Salim%20Ship%20Loan%20Agreement.pdf?dl=0|https://www.dropbox.com/s/hascqlgquzfss5u/Mortgage%20Agreement%20for%20Salim%20Ship%20Loan%20Agreement.pdf?dl=0|https://www.dropbox.com/s/pin2tegzu269i6e/Security%20Deed%20for%20Salim%20Ship%20Loan%20Agreement.pdf?dl=0,Yes,No,true,"Title: China Eximbank provides $22.4 million loan for construction and acquisition of a 53,100 dwt handymax bulk carrier (known as ‘Salim’) (Linked to Record ID#95762, 95763, 95764, 95779, and 95782)
Description: On April 24, 2007, Islamic Republic of Iran Shipping Lines (IRISL) — an Iranian state-owned enterprise — signed six separate loan agreements with China Eximbank and other unspecified banks: a $29,950,000 loan agreement for the construction and acquisition of a 53,100 dwt handymax bulk carrier (known as ‘Rahim’, see Record ID#95762) with Hull No. DY109; a $29,950,000 loan agreement for the construction and acquisition of a 53,100 dwt handymax bulk carrier (known as ‘Karim’, see Record ID#95763) with Hull No. DY110; a $22,462,500 loan agreement for the construction and acquisition of a 53,100 dwt handymax bulk carrier (known as ‘Azim’, see Record ID#95764) with Hull No. DY111; a $22,462,500 loan agreement for the construction and acquisition of a 53,100 dwt handymax bulk carrier (known as ‘Alim’, see Record ID#95779) with Hull No. DY112; a $22,462,500 loan agreement for the construction and acquisition of a 53,100 dwt handymax bulk carrier (known as ‘Salim’, see Record ID#95781) with Hull No. DY113; and a $22,462,500 loan agreement for the construction and acquisition of a 53,100 dwt handymax bulk carrier (known as ‘Hakim’, see Record ID#95782) with Hull No. DY114. China Eximbank served as both the facility agent and the security trustee for the loan. The borrower was expected to use the proceeds from each loan to finance a $180 million commercial contract that it signed with Yangzhou Dayang Shipbuilding Co, Ltd on March 13, 2006 in order to construct and acquire the six bulk carriers. The borrowing terms that applied to the loans are unknown. However, it is known that each loan was collateralized against a mortgage over a 53,100 dwt handymax bulk carrier (vessel) and security over the earnings of the vessel. Yangzhou Dayang Shipbuilding Co, Ltd was the contractor responsible for the construction of the ships, while China National Aero-Technology Import and Export Corporation (CATIC) was the contractor responsible for the delivery of the ships to IRISL. The first of six ships was originally scheduled for delivery in February 2008 with the remaining five ships following at two monthly intervals (April 2008, June 2008, August 2008, October 2008, and December 2008). Construction of the vessels began in 2008, but their precise completion and delivery dates are unknown.
Country: Iran
Region: Middle East
Sector: TRANSPORT AND STORAGE
Sector code: 210
Theme/intent: Commercial
Finance type: Loan
Flow class: OOF
Status: Implementation
Location: China Eximbank provided a loan for construction and acquisition of a 53,100 dwt handymax bulk carrier. More detailed locational information can be found at: https://www.openstreetmap.org/way/609532535"
a6134c0dfefef92b,,,52153,,Chinese Government provides $2 million grant for PPD Building Construction Project,"On the 20th of March, 2016, the Vice-Minister of China’s National Health and Family Planning Commission (NPFPC) Wang Pei’an and PPD Executive Director Joe Thomas signed an agreement to donate US$ 2.3 million dollars to build the permanent headquarters for the Partners in Population Development (PPD), in Dhaka, the capital city of Bangladesh.
 
 In addition to Chinese donation, the government of India and South Africa each donated US$100,000 dollars to the construction of the headquarters of PPD. 
 
 On the 24th of October, 2017, the construction of the headquarters had finished and is ready to open. 
 
 PS: The PPD is a south-south collaboration forum of 26 developing countries. Members include Bangladesh, China, India, Benin, Colombia, Egypt, Ethiopia, Gambia, Ghana, Indonesia, Jordan, Kenya, Mali, Mexico, Morocco, Nigeria, Pakistan, Senegal, South Africa, Sri Lanka, Thailand, Tunisia, Uganda, Vietnam, Yemen and Zimbabwe.",Bangladesh,BGD,Asia,2016,160,OTHER SOCIAL INFRASTRUCTURE AND SERVICES,Development,Yes,Grant,ODA,Completion,"More detailed locational information can be found at https://www.openstreetmap.org/way/500021338 and https://www.google.com/maps/place/Partners+in+Population+and+Development+(PPD)/@23.7777114,90.367242,21z/data=!4m5!3m4!1s0x3755c0b1c08d3561:0x17025492b680a745!8m2!3d23.7778225!4d90.367475",,Yes,No,true,"Title: Chinese Government provides $2 million grant for PPD Building Construction Project
Description: On the 20th of March, 2016, the Vice-Minister of China’s National Health and Family Planning Commission (NPFPC) Wang Pei’an and PPD Executive Director Joe Thomas signed an agreement to donate US$ 2.3 million dollars to build the permanent headquarters for the Partners in Population Development (PPD), in Dhaka, the capital city of Bangladesh. In addition to Chinese donation, the government of India and South Africa each donated US$100,000 dollars to the construction of the headquarters of PPD. On the 24th of October, 2017, the construction of the headquarters had finished and is ready to open. PS: The PPD is a south-south collaboration forum of 26 developing countries. Members include Bangladesh, China, India, Benin, Colombia, Egypt, Ethiopia, Gambia, Ghana, Indonesia, Jordan, Kenya, Mali, Mexico, Morocco, Nigeria, Pakistan, Senegal, South Africa, Sri Lanka, Thailand, Tunisia, Uganda, Vietnam, Yemen and Zimbabwe.
Country: Bangladesh
Region: Asia
Sector: OTHER SOCIAL INFRASTRUCTURE AND SERVICES
Sector code: 160
Theme/intent: Development
Infrastructure: Yes
Finance type: Grant
Flow class: ODA
Status: Completion
Location: More detailed locational information can be found at https://www.openstreetmap.org/way/500021338 and https://www.google.com/maps/place/Partners+in+Population+and+Development+(PPD)/@23.7777114,90.367242,21z/data=!4m5!3m4!1s0x3755c0b1c08d3561:0x17025492b680a745!8m2!3d23.7778225!4d90.367475"
b34109048713b8e0,,,73439,1893,China Construction Bank provides $50 million loan for Xiamen University Malaysia Campus Construction Project (Linked to Record ID#71700 and #49402),"In April 2012, the Government of Malaysia expressed preliminary interest in having Xiamen University establish a campus in Malaysia. Then, on January 21, 2013, Xiamen University received an official invitation from the Malaysian Minister of Higher Education to open a branch campus in Malaysia. On October 4, 2013, in the presence of the Chinese President Xi Jinping, China Development Bank, Malaysia Sunsuria Group, and Xiamen University Malaysia Campus signed a financing agreement. China Development Bank issue a $170 million loan (captured in Record ID#49402). Then, In 2015, China Construction Bank’s Xiamen Branch, China Construction Bank’s Singapore Branch, and Xiamen University Malaysia Campus signed a trilateral agreement for China Construction Bank Singapore Branch to provide a $50 million loan (captured in Record ID#73439) — guaranteed by China Construction Bank’s Xiamen branch — in support of the Xiamen University Malaysia Campus Construction Project. $20 million of the China Construction Bank loan was reportedly disbursed shortly after the signing of the agreement. China Eximbank’s Sichuan Branch also issued a loan in support of the project (as captured via Record ID#71700); however, the face value of the loan is unknown. The total estimated cost of the Xiamen University Malaysia Campus Construction Project was RMB 1.6 billion ($315 million).  The purpose of this project was to construct an overseas campus of Xiamen University in Sunsuria City within the vicinity of Bandar Kota Warisan in Malaysia's Selangor State. The campus occupies 150 acres — with a total floor space of 470,000 square meters — and it includes instructional facilities, dormitories, a restaurant, a student activity center, and parking lots.  Sinohydro Bureau 7 Co. Ltd. was the contractor responsible for implementation and it undertook the project in three phases. A formal groundbreaking ceremony took place on July 3, 2014. However, construction did not begin until October 17, 2014. Phase 1 was completed on September 30, 2015 and two major buildings were completed in October 2015 (with a Certificate of Completion and Compliance (CCC) issued during the same month). Phase 2 was completed on July 31, 2016. Phase 3 was completed on September 1, 2016. XMUM welcomed its first class of students to campus on February 22, 2016. As of January 2021, there were more than 15,000 students enrolled at XMUM from 28 countries, including Malaysia, China, Indonesia, Bangladesh, Egypt, Zambia, Korea, Japan, Sri Lanka, Myanmar, Kazakhstan, Turkmenistan and Uzbekistan. Xiamen University Malaysia (XMUM) is wholly owned by China's Xiamen University, which is directly under the administration of China’s Ministry of Education. Xiamen University Malaysia is a high-level university under the national ""project 211"" and ""project 985"". Students in Malaysia who have completed their study and met the relevant training requirements are awarded a corresponding graduation certificate and degree certificate from China's Xiamen University. All classes are taught in English except for Chinese Language and Chinese Medicine courses.  ",Malaysia,MYS,Asia,2015,160,OTHER SOCIAL INFRASTRUCTURE AND SERVICES,Development,Yes,Loan,Vague (ODA or OOF),Completion,"The purpose of this project was to construct an overseas campus of Xiamen University in Sunsuria City within the vicinity of Bandar Kota Warisan in Malaysia's Selangor State. The campus occupies 150 acres — with a total floor space of 470,000 square meters — and it includes instructional facilities, dormitories, a restaurant, a student activity center, and parking lots. More detailed locational information can be found at https://www.openstreetmap.org/way/544590735",,Yes,No,true,"Title: China Construction Bank provides $50 million loan for Xiamen University Malaysia Campus Construction Project (Linked to Record ID#71700 and #49402)
Description: In April 2012, the Government of Malaysia expressed preliminary interest in having Xiamen University establish a campus in Malaysia. Then, on January 21, 2013, Xiamen University received an official invitation from the Malaysian Minister of Higher Education to open a branch campus in Malaysia. On October 4, 2013, in the presence of the Chinese President Xi Jinping, China Development Bank, Malaysia Sunsuria Group, and Xiamen University Malaysia Campus signed a financing agreement. China Development Bank issue a $170 million loan (captured in Record ID#49402). Then, In 2015, China Construction Bank’s Xiamen Branch, China Construction Bank’s Singapore Branch, and Xiamen University Malaysia Campus signed a trilateral agreement for China Construction Bank Singapore Branch to provide a $50 million loan (captured in Record ID#73439) — guaranteed by China Construction Bank’s Xiamen branch — in support of the Xiamen University Malaysia Campus Construction Project. $20 million of the China Construction Bank loan was reportedly disbursed shortly after the signing of the agreement. China Eximbank’s Sichuan Branch also issued a loan in support of the project (as captured via Record ID#71700); however, the face value of the loan is unknown. The total estimated cost of the Xiamen University Malaysia Campus Construction Project was RMB 1.6 billion ($315 million). The purpose of this project was to construct an overseas campus of Xiamen University in Sunsuria City within the vicinity of Bandar Kota Warisan in Malaysia's Selangor State. The campus occupies 150 acres — with a total floor space of 470,000 square meters — and it includes instructional facilities, dormitories, a restaurant, a student activity center, and parking lots. Sinohydro Bureau 7 Co. Ltd. was the contractor responsible for implementation and it undertook the project in three phases. A formal groundbreaking ceremony took place on July 3, 2014. However, construction did not begin until October 17, 2014. Phase 1 was completed on September 30, 2015 and two major buildings were completed in October 2015 (with a Certificate of Completion and Compliance (CCC) issued during the same month). Phase 2 was completed on July 31, 2016. Phase 3 was completed on September 1, 2016. XMUM welcomed its first class of students to campus on February 22, 2016. As of January 2021, there were more than 15,000 students enrolled at XMUM from 28 countries, including Malaysia, China, Indonesia, Bangladesh, Egypt, Zambia, Korea, Japan, Sri Lanka, Myanmar, Kazakhstan, Turkmenistan and Uzbekistan. Xiamen University Malaysia (XMUM) is wholly owned by China's Xiamen University, which is directly under the administration of China’s Ministry of Education. Xiamen University Malaysia is a high-level university under the national ""project 211"" and ""project 985"". Students in Malaysia who have completed their study and met the relevant training requirements are awarded a corresponding graduation certificate and degree certificate from China's Xiamen University. All classes are taught in English except for Chinese Language and Chinese Medicine courses.
Country: Malaysia
Region: Asia
Sector: OTHER SOCIAL INFRASTRUCTURE AND SERVICES
Sector code: 160
Theme/intent: Development
Infrastructure: Yes
Finance type: Loan
Flow class: Vague (ODA or OOF)
Status: Completion
Location: The purpose of this project was to construct an overseas campus of Xiamen University in Sunsuria City within the vicinity of Bandar Kota Warisan in Malaysia's Selangor State. The campus occupies 150 acres — with a total floor space of 470,000 square meters — and it includes instructional facilities, dormitories, a restaurant, a student activity center, and parking lots. More detailed locational information can be found at https://www.openstreetmap.org/way/544590735"
13d0674fe735fef2,,,1455,1458,Chinese Government provides 50 million yuan in emergency food assistance to Ethiopia (Linked to Record ID#1408),"On July 27, 2011, the Chinese Government announced it would provide 90 million yuan in food aid to drought-affected countries in Africa, including 50 million yuan to Ethiopia. 50 million yuan would go to Kenya (see Record ID#73729), and 10 million yuan to Djibouti (see Record ID#59621). Chinese Ambassador Gu Xiaojie said the humanitarian assistance would include about $7.7 million worth of food for Ethiopia. According to the UNOCHA, the Chinese Government has disbursed the 50 million yuan ($7,763,975) worth of assistance to Ethiopia.    ",Ethiopia,ETH,Africa,2011,720,EMERGENCY RESPONSE,Development,,Grant,ODA,Completion,,,Yes,No,true,"Title: Chinese Government provides 50 million yuan in emergency food assistance to Ethiopia (Linked to Record ID#1408)
Description: On July 27, 2011, the Chinese Government announced it would provide 90 million yuan in food aid to drought-affected countries in Africa, including 50 million yuan to Ethiopia. 50 million yuan would go to Kenya (see Record ID#73729), and 10 million yuan to Djibouti (see Record ID#59621). Chinese Ambassador Gu Xiaojie said the humanitarian assistance would include about $7.7 million worth of food for Ethiopia. According to the UNOCHA, the Chinese Government has disbursed the 50 million yuan ($7,763,975) worth of assistance to Ethiopia.
Country: Ethiopia
Region: Africa
Sector: EMERGENCY RESPONSE
Sector code: 720
Theme/intent: Development
Finance type: Grant
Flow class: ODA
Status: Completion"
8fbf84753968f9e2,,,63835,961,"China grants 1.3 million RMB to Micronesia for a 2011 biogas training project in Chengdu, China (Linked to Record ID#40008, ETCA #73613) ","On 26 December 2008, the Chinese Ambassador and the Micronesian Minister of Foreign Affairs signed an economic and technical cooperation agreement (ETCA #73613) granting an unspecified amount to the Government of Micronesia. On 10 June 2011, the same government officials signed an exchange of letters allocating 1.3 million RMB of these ETCA funds to sponsor 25 Micronesian technicians attend a biogas technology training course (or 密克罗尼西亚沼气技术培训班) in Chengdu, China. According Congressional Resolution No. 17-49, the Congress of the Federated States of Micronesia formally certified this fund allocation on 14 September 2011. 
 
 On 24 October 2011, officials and trainees attended the biogas technology training course opening ceremony led by Chengdu's Ministry of Commerce. The course lasted for 20 days. The purpose of this project was to equip Micronesian technicians with the skills and knowledge required to maintain biogas technology back home. Biogas is a methane-rich flammable gas that results from the decomposition of organic waste material such as pig manure. It can be directly used for cooking, heating and lighting. This is a sustainable, cheap alternative to relying on expensive oil imports for the island nation.
 
 China previously introduced biogas technology to the Pacific Island nation back in 2009 (#40008). 
 ",Micronesia,FSM,Oceania,2008,230,ENERGY,Development,,Grant,ODA,Completion,,,Yes,No,true,"Title: China grants 1.3 million RMB to Micronesia for a 2011 biogas training project in Chengdu, China (Linked to Record ID#40008, ETCA #73613)
Description: On 26 December 2008, the Chinese Ambassador and the Micronesian Minister of Foreign Affairs signed an economic and technical cooperation agreement (ETCA #73613) granting an unspecified amount to the Government of Micronesia. On 10 June 2011, the same government officials signed an exchange of letters allocating 1.3 million RMB of these ETCA funds to sponsor 25 Micronesian technicians attend a biogas technology training course (or 密克罗尼西亚沼气技术培训班) in Chengdu, China. According Congressional Resolution No. 17-49, the Congress of the Federated States of Micronesia formally certified this fund allocation on 14 September 2011. On 24 October 2011, officials and trainees attended the biogas technology training course opening ceremony led by Chengdu's Ministry of Commerce. The course lasted for 20 days. The purpose of this project was to equip Micronesian technicians with the skills and knowledge required to maintain biogas technology back home. Biogas is a methane-rich flammable gas that results from the decomposition of organic waste material such as pig manure. It can be directly used for cooking, heating and lighting. This is a sustainable, cheap alternative to relying on expensive oil imports for the island nation. China previously introduced biogas technology to the Pacific Island nation back in 2009 (#40008).
Country: Micronesia
Region: Oceania
Sector: ENERGY
Sector code: 230
Theme/intent: Development
Finance type: Grant
Flow class: ODA
Status: Completion"
8b32e04b02a8dec9,,,108352,,[Cancelled] ICBC Indonesia participates in Facility A5 of USD 1.5 billion syndicated loan to Pertamina Hulu Energi (PHE) for general corporate purposes,"On May 9, 2023, Pertamina Hulu Energi (PHE) — the upstream subsidiary of Indonesia’s state-owned oil and gas company Pertamina — entered into a facility agreement for a corporate loan for general corporate purposes with a total facility of USD 1.5 billion with thirteen original lenders. The original lenders included: Arab Bank plc, Singapore Branch; Bank of Kaohsiung, Offshore Banking Branch; The Export-Import Bank of the Republic of China; PT Bank ICBC Indonesia; Taichung Commercial Bank Co., Ltd. Labuan Branch; Taiwan Shin Kong Commercial Bank Co., Ltd.; Bank of China Limited, Abu Dhabi Branch; The Joyo Bank, Ltd.; PT Bank SBI Indonesia; PT Bank CTBC Indonesia; UCO Bank, Hong Kong Branch; PT Bank DKI: and PT Bank Mandiri (Persero) Tbk, Dili Branch.  Then on August 10, 2023, the original lenders entered into a syndication close and signed a syndication agreement with sell down amount of USD 150 million with eleven new lenders: PT Bank KEB Hana Indonesia; The Korea Development Bank; Chang Hwa Commercial Bank, Ltd.; Hua Nan Commercial Bank, Ltd.; Bank of Taiwan; First Commercial Bank; The Shanghai Commercial & Savings Bank; Taiwan Cooperative Bank; Taiwan Business Bank; PT Bank Woori Saudara Indonesia 1906; and Mega International Commercial Bank. PT Bank DBS Indonesia acted as a facility agent.   The loan included two facilities:  Facility A2: USD 980 million loan with 2 year maturity and an interest rate of SOFR + 0.75% p.a. for offshore lenders and SOFR + 0.85% p.a. for onshore lenders.  Facility A5: USD 520 million loan with 5 year maturity and an interest rate of SOFR + 1.25% p.a. for offshore lenders and SOFR + 1.35% p.a. for onshore lenders.   The borrower was required to maintain consolidated EBITDA to consolidated interest payable equal to or greater than 3.00:1; consolidated net debt to tangible net worth is equal to or less than 2.00:1; consolidated group net worth is equal to or greater than USD 8 billion. There was no collateralization a part of this agreement.   On May 16, 2023, USD 760 million was withdrawn from the A2 Facility, then on October 5, 2023, the A2 Facility again was withdrawn again in the amount of USD 180 million. Facility A5 was not drawn down. ",Indonesia,IDN,Asia,2023,320,"INDUSTRY, MINING, CONSTRUCTION",Commercial,,Loan,OOF,Cancelled,,,No,No,true,"Title: [Cancelled] ICBC Indonesia participates in Facility A5 of USD 1.5 billion syndicated loan to Pertamina Hulu Energi (PHE) for general corporate purposes
Description: On May 9, 2023, Pertamina Hulu Energi (PHE) — the upstream subsidiary of Indonesia’s state-owned oil and gas company Pertamina — entered into a facility agreement for a corporate loan for general corporate purposes with a total facility of USD 1.5 billion with thirteen original lenders. The original lenders included: Arab Bank plc, Singapore Branch; Bank of Kaohsiung, Offshore Banking Branch; The Export-Import Bank of the Republic of China; PT Bank ICBC Indonesia; Taichung Commercial Bank Co., Ltd. Labuan Branch; Taiwan Shin Kong Commercial Bank Co., Ltd.; Bank of China Limited, Abu Dhabi Branch; The Joyo Bank, Ltd.; PT Bank SBI Indonesia; PT Bank CTBC Indonesia; UCO Bank, Hong Kong Branch; PT Bank DKI: and PT Bank Mandiri (Persero) Tbk, Dili Branch. Then on August 10, 2023, the original lenders entered into a syndication close and signed a syndication agreement with sell down amount of USD 150 million with eleven new lenders: PT Bank KEB Hana Indonesia; The Korea Development Bank; Chang Hwa Commercial Bank, Ltd.; Hua Nan Commercial Bank, Ltd.; Bank of Taiwan; First Commercial Bank; The Shanghai Commercial & Savings Bank; Taiwan Cooperative Bank; Taiwan Business Bank; PT Bank Woori Saudara Indonesia 1906; and Mega International Commercial Bank. PT Bank DBS Indonesia acted as a facility agent. The loan included two facilities: Facility A2: USD 980 million loan with 2 year maturity and an interest rate of SOFR + 0.75% p.a. for offshore lenders and SOFR + 0.85% p.a. for onshore lenders. Facility A5: USD 520 million loan with 5 year maturity and an interest rate of SOFR + 1.25% p.a. for offshore lenders and SOFR + 1.35% p.a. for onshore lenders. The borrower was required to maintain consolidated EBITDA to consolidated interest payable equal to or greater than 3.00:1; consolidated net debt to tangible net worth is equal to or less than 2.00:1; consolidated group net worth is equal to or greater than USD 8 billion. There was no collateralization a part of this agreement. On May 16, 2023, USD 760 million was withdrawn from the A2 Facility, then on October 5, 2023, the A2 Facility again was withdrawn again in the amount of USD 180 million. Facility A5 was not drawn down.
Country: Indonesia
Region: Asia
Sector: INDUSTRY, MINING, CONSTRUCTION
Sector code: 320
Theme/intent: Commercial
Finance type: Loan
Flow class: OOF
Status: Cancelled"
2954315ea12e88de,,,88345,,"China and Botswana sign MoU on economic, trade, and technological cooperation for agricultural development","In September 2018, China and Botswana signed a Memorandum of Understanding (MoU) to enhance economic trade and technical cooperation in critical sectors. According to a media report, China aims to support Botswana in increasing its productive capacity in agriculture by promoting sustainable agriculture and organic farming. The MoU will strive to enhance food security, renewable energy, and water-saving systems to reduce production costs and increase resilience against climate change.",Botswana,BWA,Africa,2018,310,"AGRICULTURE, FORESTRY, FISHING",Development,,Vague TBD,Vague (ODA or OOF),Pipeline: Pledge,,,No,Yes,true,"Title: China and Botswana sign MoU on economic, trade, and technological cooperation for agricultural development
Description: In September 2018, China and Botswana signed a Memorandum of Understanding (MoU) to enhance economic trade and technical cooperation in critical sectors. According to a media report, China aims to support Botswana in increasing its productive capacity in agriculture by promoting sustainable agriculture and organic farming. The MoU will strive to enhance food security, renewable energy, and water-saving systems to reduce production costs and increase resilience against climate change.
Country: Botswana
Region: Africa
Sector: AGRICULTURE, FORESTRY, FISHING
Sector code: 310
Theme/intent: Development
Finance type: Vague TBD
Flow class: Vague (ODA or OOF)
Status: Pipeline: Pledge"
17f99ece9ff5201c,,,66734,,Chinese Government provides RMB 15 million grant for the provision of 20 ambulances to Serbia's Ministry of Defense,"On October 9, 2012, a donation protocol was signed between China's Ministry of National Defense and Serbia's Ministry of Defense, providing an RMB 15 million grant for the provision of 20 ambulances.",Serbia,SRB,Europe,2012,120,HEALTH,Development,,Grant,ODA,Completion,The project provides a grant for the provision of 20 ambulances to Serbia's Ministry of Defense. More detailed locational information can be found at https://www.openstreetmap.org/node/6051046759.,,Yes,No,true,"Title: Chinese Government provides RMB 15 million grant for the provision of 20 ambulances to Serbia's Ministry of Defense
Description: On October 9, 2012, a donation protocol was signed between China's Ministry of National Defense and Serbia's Ministry of Defense, providing an RMB 15 million grant for the provision of 20 ambulances.
Country: Serbia
Region: Europe
Sector: HEALTH
Sector code: 120
Theme/intent: Development
Finance type: Grant
Flow class: ODA
Status: Completion
Location: The project provides a grant for the provision of 20 ambulances to Serbia's Ministry of Defense. More detailed locational information can be found at https://www.openstreetmap.org/node/6051046759."
8de0b9e5defb83a1,,,40326,1805,China Development Bank provides $16 million loan for Shargun Coal Mine Modernization Project (linked to Record ID#72686),"In 2014, China Eximbank and China Development Bank together provided $105,510,000 in debt financing for the Shargun Coal Mine Modernization Project. China Eximbank provided a $89.5 million preferential buyer’s credit loan and China Development Bank provided a $16,010,000 loan. This record captures the CDB loan.  The Shargun Coal Mine Modernization Project — also known as the “Modernization of JSC “Shargunkumir” project or 了沙尔贡煤矿现代化 — seeks to replace the existing technologies and production at Baisun and Shargun coal deposits and bring project capacity to 900 thousand tons of coal per year. It also involves the modernization of the system of coal transportation. China Coal Technology & Engineering Group (CCTEG) is the contractor responsible for project implementation and its work is being overseen by Uzbekcoal JSC. Through its contract with Uzbekcoal JSC, CCTEG is responsible for delivering two mechanized complexes with production capacity of 450,000 tons per year each on a turnkey basis. China Railway Tunnel Group Co., Ltd. is also involved in project implementation.  As of September 12, 2017, China Coal Technology & Engineering Group Corp., and China Railway Tunnel Group Co., Ltd., began the preparatory work for this project. Project implementation officially began on May 23, 2018. The construction period for the project is 38 months. The projected completion date is November 2020, which is 38 months from the preparatory work conducted in September 2017. On May 3, 2020, the project was reported to be completed. On January 11th, 2024, it was reported that the mine had been put into operation.   Record ID#72686 captures the PBC loan from China Eximbank.",Uzbekistan,UZB,Asia,2017,320,"INDUSTRY, MINING, CONSTRUCTION",Development,Yes,Loan,ODA,Implementation,The Shargun coal mine is located in the Sukhardaryinskaya oblast. More detailed locational information can be found at https://www.mindat.org/loc-218926.html and https://www.openstreetmap.org/way/465950345 and https://www.openstreetmap.org/way/495666770,,Yes,No,true,"Title: China Development Bank provides $16 million loan for Shargun Coal Mine Modernization Project (linked to Record ID#72686)
Description: In 2014, China Eximbank and China Development Bank together provided $105,510,000 in debt financing for the Shargun Coal Mine Modernization Project. China Eximbank provided a $89.5 million preferential buyer’s credit loan and China Development Bank provided a $16,010,000 loan. This record captures the CDB loan. The Shargun Coal Mine Modernization Project — also known as the “Modernization of JSC “Shargunkumir” project or 了沙尔贡煤矿现代化 — seeks to replace the existing technologies and production at Baisun and Shargun coal deposits and bring project capacity to 900 thousand tons of coal per year. It also involves the modernization of the system of coal transportation. China Coal Technology & Engineering Group (CCTEG) is the contractor responsible for project implementation and its work is being overseen by Uzbekcoal JSC. Through its contract with Uzbekcoal JSC, CCTEG is responsible for delivering two mechanized complexes with production capacity of 450,000 tons per year each on a turnkey basis. China Railway Tunnel Group Co., Ltd. is also involved in project implementation. As of September 12, 2017, China Coal Technology & Engineering Group Corp., and China Railway Tunnel Group Co., Ltd., began the preparatory work for this project. Project implementation officially began on May 23, 2018. The construction period for the project is 38 months. The projected completion date is November 2020, which is 38 months from the preparatory work conducted in September 2017. On May 3, 2020, the project was reported to be completed. On January 11th, 2024, it was reported that the mine had been put into operation. Record ID#72686 captures the PBC loan from China Eximbank.
Country: Uzbekistan
Region: Asia
Sector: INDUSTRY, MINING, CONSTRUCTION
Sector code: 320
Theme/intent: Development
Infrastructure: Yes
Finance type: Loan
Flow class: ODA
Status: Implementation
Location: The Shargun coal mine is located in the Sukhardaryinskaya oblast. More detailed locational information can be found at https://www.mindat.org/loc-218926.html and https://www.openstreetmap.org/way/465950345 and https://www.openstreetmap.org/way/495666770"
df165e91a64f821d,,,66079,700,China Eximbank pledges RMB 50 million loan for Oncology Dispensary Construction Project (Linked to Record ID#66077),"In January 2016, China Eximbank agreed in principle to extend a $50 million loan to the Government of Belarus for the reconfiguration of Grodno Hospital #3 (Городская клиническая больница №3) into an oncology dispensary or a cancer detection center. The oncology dispensary would have 320 beds, an operating unit, medical and support departments, and a radiation therapy department. The loan would have an interest rate of around 6.5-7% per annum.   The loan for the hospital was to be approved under a $3 billion line of credit that China Eximbank issued in 2015 (captured in Record ID#66077). The project was planned to be implemented before 2020. However, as of March 2020, the project had still not progressed and the Government of Belarus was seeking financing from the Kuwaiti government.",Belarus,BLR,Europe,2016,120,HEALTH,Development,Yes,Loan,Vague (ODA or OOF),Pipeline: Pledge,The purpose of this project was the reconfiguration of Grodno Hospital #3 into an oncology dispensary or a cancer detection center in the city of Grodno. More detailed locational information can be found at https://www.openstreetmap.org/way/474890093.,,No,No,true,"Title: China Eximbank pledges RMB 50 million loan for Oncology Dispensary Construction Project (Linked to Record ID#66077)
Description: In January 2016, China Eximbank agreed in principle to extend a $50 million loan to the Government of Belarus for the reconfiguration of Grodno Hospital #3 (Городская клиническая больница №3) into an oncology dispensary or a cancer detection center. The oncology dispensary would have 320 beds, an operating unit, medical and support departments, and a radiation therapy department. The loan would have an interest rate of around 6.5-7% per annum. The loan for the hospital was to be approved under a $3 billion line of credit that China Eximbank issued in 2015 (captured in Record ID#66077). The project was planned to be implemented before 2020. However, as of March 2020, the project had still not progressed and the Government of Belarus was seeking financing from the Kuwaiti government.
Country: Belarus
Region: Europe
Sector: HEALTH
Sector code: 120
Theme/intent: Development
Infrastructure: Yes
Finance type: Loan
Flow class: Vague (ODA or OOF)
Status: Pipeline: Pledge
Location: The purpose of this project was the reconfiguration of Grodno Hospital #3 into an oncology dispensary or a cancer detection center in the city of Grodno. More detailed locational information can be found at https://www.openstreetmap.org/way/474890093."
4b6be74b070b57b2,,,72284,3735,Chinese Government cancels Government of Ethiopia’s outstanding debt obligations under interest-free loans maturing by end-of-2018,"On April 25, 2019, the Chinese Government and the Government of Ethiopia signed a debt forgiveness agreement. China’s Ministry of Commerce (MOFCOM) agreed to agreed to cancel Government of Ethiopia’s outstanding debt obligations under interest-free loans that it previously contracted and that were schedule to reach maturity by December 31, 2018. The monetary value of the debts that were forgiven is unknown.",Ethiopia,ETH,Africa,2019,600,ACTION RELATING TO DEBT,Development,,Debt forgiveness,ODA,Pipeline: Commitment,No locational information available.,,No,Yes,true,"Title: Chinese Government cancels Government of Ethiopia’s outstanding debt obligations under interest-free loans maturing by end-of-2018
Description: On April 25, 2019, the Chinese Government and the Government of Ethiopia signed a debt forgiveness agreement. China’s Ministry of Commerce (MOFCOM) agreed to agreed to cancel Government of Ethiopia’s outstanding debt obligations under interest-free loans that it previously contracted and that were schedule to reach maturity by December 31, 2018. The monetary value of the debts that were forgiven is unknown.
Country: Ethiopia
Region: Africa
Sector: ACTION RELATING TO DEBT
Sector code: 600
Theme/intent: Development
Finance type: Debt forgiveness
Flow class: ODA
Status: Pipeline: Commitment
Location: No locational information available."
b0ad7fa95ddd5cb4,,,44879,,Chinese Government sends the fifth Chinese (Hunan) medical team to Sierra Leone,"On May 9, 2015, the Chinese Government sent the fifth China (Hunan) Medical Team organized by the Health and Family Planning Commission of Hunan Province, led by the Xiangya Hospital of Central South University of China to Sierra Leone to assist with the Ebola epidemic. The team included 40 medical staff and technicians from Xiangya Hospital, Hunan Provincial People's Hospital, The First Hospital of Changsha, Hunan Provincial Center for Disease Control and Prevention. The team also included staff from 302 Military Hospital of China.   The team treated 39 patients and cured 3 Ebola patients. On July 23, 2015, the mission was finished and the team returned home. ",Sierra Leone,SLE,Africa,2015,720,EMERGENCY RESPONSE,Development,,Free-standing technical assistance,ODA,Completion,,,Yes,No,true,"Title: Chinese Government sends the fifth Chinese (Hunan) medical team to Sierra Leone
Description: On May 9, 2015, the Chinese Government sent the fifth China (Hunan) Medical Team organized by the Health and Family Planning Commission of Hunan Province, led by the Xiangya Hospital of Central South University of China to Sierra Leone to assist with the Ebola epidemic. The team included 40 medical staff and technicians from Xiangya Hospital, Hunan Provincial People's Hospital, The First Hospital of Changsha, Hunan Provincial Center for Disease Control and Prevention. The team also included staff from 302 Military Hospital of China. The team treated 39 patients and cured 3 Ebola patients. On July 23, 2015, the mission was finished and the team returned home.
Country: Sierra Leone
Region: Africa
Sector: EMERGENCY RESPONSE
Sector code: 720
Theme/intent: Development
Finance type: Free-standing technical assistance
Flow class: ODA
Status: Completion"
cfaca3463d4ffbb6,,,90937,,Chinese Embassy provides donation for 8 livelihood projects in Guyana,"On September 28, 2020, a handover ceremony was held for a donation of an unspecified amount of funds from the Chinese Embassy to the President of Guyana (Source ID #157173). According to the Chinese Embassy, this aid is intended to fund 8 ""small livelihood projects"" in Guyana. The breakdown of these projects and their values is unknown. ",Guyana,GUY,America,2020,998,UNALLOCATED/UNSPECIFIED,Development,,Grant,ODA,Completion,,,No,Yes,true,"Title: Chinese Embassy provides donation for 8 livelihood projects in Guyana
Description: On September 28, 2020, a handover ceremony was held for a donation of an unspecified amount of funds from the Chinese Embassy to the President of Guyana (Source ID #157173). According to the Chinese Embassy, this aid is intended to fund 8 ""small livelihood projects"" in Guyana. The breakdown of these projects and their values is unknown.
Country: Guyana
Region: America
Sector: UNALLOCATED/UNSPECIFIED
Sector code: 998
Theme/intent: Development
Finance type: Grant
Flow class: ODA
Status: Completion"
db1815044234addf,,,66594,,Chinese Embassy donates 100 books to Armenia's National Library,"On October 8, 2008, the Chinese Embassy donated 100 copies of new books to the Armenian National Library. This batch of new books has a total of 50 series. The books are related to Chinese culture, economic development, and the 2008 Beijing Olympics.  The deputy director of the National Library stated that the books provided provide opportunities for a wide range of readers to learn about China.",Armenia,ARM,Asia,2008,110,EDUCATION,Representational,,Grant,OOF,Completion,The Chinese Embassy donated books to Armenia's National Library.  More detailed locational information can be found at: https://www.openstreetmap.org/way/133000049,,Yes,No,true,"Title: Chinese Embassy donates 100 books to Armenia's National Library
Description: On October 8, 2008, the Chinese Embassy donated 100 copies of new books to the Armenian National Library. This batch of new books has a total of 50 series. The books are related to Chinese culture, economic development, and the 2008 Beijing Olympics. The deputy director of the National Library stated that the books provided provide opportunities for a wide range of readers to learn about China.
Country: Armenia
Region: Asia
Sector: EDUCATION
Sector code: 110
Theme/intent: Representational
Finance type: Grant
Flow class: OOF
Status: Completion
Location: The Chinese Embassy donated books to Armenia's National Library. More detailed locational information can be found at: https://www.openstreetmap.org/way/133000049"
a396e22523deaa93,,,108727,,China Everbright Bank contributes $20 million to $250 million export credit facility for Dexin Morowali Steel Plant Third Blast Furnace Project,"On September 11, 2023, PT Dexin Steel Indonesia (德信钢铁 or 德信钢铁有限公司) — a special purpose vehicle and joint venture between Delong Steel Singapore Projects Pte Ltd [45% ownership stake], Shanghai Decent Investment Group Co Ltd [43% ownership stake], and Indonesia Morowali Industrial Park PT [12% ownership stake] — signed a $250 million export credit facility agreement with a group of Chinese and non-Chinese banks for the Dexin Morowali Steel Plant Third Blast Furnace Project. Participants in the syndicate included Bank Sinarmas, BNP Paribas, Bank of China, China Construction Bank (CCB), China Everbright Bank, KEB Hana Bank, National Bank of Kuwait, OCBC Bank, Shanghai Pudong Development Bank, Shanghai Rural Commercial Bank, China CITIC Bank Corporation Limited, and Société Générale. The loan's maturity is 6 years and 11 months. Its other borrowing terms are unknown.  The purpose of the project is to help PT Dexin Steel Indonesia expand the steel production capacity from 3.5 million tons per annum (mtpa) to 7mtpa in Morowali Industrial Park within Central Sulawesi Province. Construction commenced on September 21, 2023.  This facility is one of three in a $700 million debt package for this project. The other facilities include: (1) a revolving credit facility for $100 million provided by Bank Central Asia, Bank Mayapada, BNP Paribas, OCBC Bank, Société Générale, and Bank Mandiri and (2) a $350 loan provided by Indonesia Eximbank, Bank Central Asia, Bank Mayapada, BNP Paribas, China Construction Bank, China Minsheng Bank, ICBC, OCBC Bank, Shanghai Pudong Development Bank, Société Générale, and Bank Mandiri.",Indonesia,IDN,Asia,2023,320,"INDUSTRY, MINING, CONSTRUCTION",Commercial,Yes,Loan,OOF,Implementation,The purpose of the project is to help PT Dexin Steel Indonesia expand the steel production capacity from 3.5 million tons per annum (mtpa) to 7mtpa in Morowali Industrial Park within Central Sulawesi Province. More detailed locational information can be found at https://www.openstreetmap.org/way/299975400,,Yes,No,true,"Title: China Everbright Bank contributes $20 million to $250 million export credit facility for Dexin Morowali Steel Plant Third Blast Furnace Project
Description: On September 11, 2023, PT Dexin Steel Indonesia (德信钢铁 or 德信钢铁有限公司) — a special purpose vehicle and joint venture between Delong Steel Singapore Projects Pte Ltd [45% ownership stake], Shanghai Decent Investment Group Co Ltd [43% ownership stake], and Indonesia Morowali Industrial Park PT [12% ownership stake] — signed a $250 million export credit facility agreement with a group of Chinese and non-Chinese banks for the Dexin Morowali Steel Plant Third Blast Furnace Project. Participants in the syndicate included Bank Sinarmas, BNP Paribas, Bank of China, China Construction Bank (CCB), China Everbright Bank, KEB Hana Bank, National Bank of Kuwait, OCBC Bank, Shanghai Pudong Development Bank, Shanghai Rural Commercial Bank, China CITIC Bank Corporation Limited, and Société Générale. The loan's maturity is 6 years and 11 months. Its other borrowing terms are unknown. The purpose of the project is to help PT Dexin Steel Indonesia expand the steel production capacity from 3.5 million tons per annum (mtpa) to 7mtpa in Morowali Industrial Park within Central Sulawesi Province. Construction commenced on September 21, 2023. This facility is one of three in a $700 million debt package for this project. The other facilities include: (1) a revolving credit facility for $100 million provided by Bank Central Asia, Bank Mayapada, BNP Paribas, OCBC Bank, Société Générale, and Bank Mandiri and (2) a $350 loan provided by Indonesia Eximbank, Bank Central Asia, Bank Mayapada, BNP Paribas, China Construction Bank, China Minsheng Bank, ICBC, OCBC Bank, Shanghai Pudong Development Bank, Société Générale, and Bank Mandiri.
Country: Indonesia
Region: Asia
Sector: INDUSTRY, MINING, CONSTRUCTION
Sector code: 320
Theme/intent: Commercial
Infrastructure: Yes
Finance type: Loan
Flow class: OOF
Status: Implementation
Location: The purpose of the project is to help PT Dexin Steel Indonesia expand the steel production capacity from 3.5 million tons per annum (mtpa) to 7mtpa in Morowali Industrial Park within Central Sulawesi Province. More detailed locational information can be found at https://www.openstreetmap.org/way/299975400"
386af39511f99b42,,,39433,,China Donates School Equipment for New Educational Technologies Project,"In 2009, the Chinese government donated 3,502 computers, 1,000 printers, 700 projectors, and 1,000 scanners to the Bolivian Ministry of Education in support of the Ministry of Education's ""New Educational Technologies"" Project (Proyecto “Nuevas Tecnologías Educativas”). The donation of the equipment was officially recognized on December 2, 2009. Henan YuGuang Limited Company donated those computers. ",Bolivia,BOL,America,2009,110,EDUCATION,Development,,Grant,ODA,Completion,,,Yes,No,true,"Title: China Donates School Equipment for New Educational Technologies Project
Description: In 2009, the Chinese government donated 3,502 computers, 1,000 printers, 700 projectors, and 1,000 scanners to the Bolivian Ministry of Education in support of the Ministry of Education's ""New Educational Technologies"" Project (Proyecto “Nuevas Tecnologías Educativas”). The donation of the equipment was officially recognized on December 2, 2009. Henan YuGuang Limited Company donated those computers.
Country: Bolivia
Region: America
Sector: EDUCATION
Sector code: 110
Theme/intent: Development
Finance type: Grant
Flow class: ODA
Status: Completion"
2be0ff8046f7a7e7,,,87810,,China donates 1 Million Maloti to the Office of the Prime Minister of Lesotho to Address Food Insecurity,"On June 18th, 2020, China donated a million maloti to the Office of the Prime Minister of Lesotho to help address the hunger that has been caused by a severe drought and the COVID-19 Pandemic. The donation ceremony was attended by the Prime Minister, Dr Moeketsi Majoro, and the Ambassador of China to Lesotho, Mr. Lei Kezhong.",Lesotho,LSO,Africa,2020,520,DEVELOPMENTAL FOOD AID/FOOD SECURITY ASSISTANCE,Development,,Grant,ODA,Completion,No location info available.,,Yes,No,true,"Title: China donates 1 Million Maloti to the Office of the Prime Minister of Lesotho to Address Food Insecurity
Description: On June 18th, 2020, China donated a million maloti to the Office of the Prime Minister of Lesotho to help address the hunger that has been caused by a severe drought and the COVID-19 Pandemic. The donation ceremony was attended by the Prime Minister, Dr Moeketsi Majoro, and the Ambassador of China to Lesotho, Mr. Lei Kezhong.
Country: Lesotho
Region: Africa
Sector: DEVELOPMENTAL FOOD AID/FOOD SECURITY ASSISTANCE
Sector code: 520
Theme/intent: Development
Finance type: Grant
Flow class: ODA
Status: Completion
Location: No location info available."
81799644566d992c,,,56134,,Chinese Embassy donates snooker table to Seychelles,"On 29 May 2013, the Chinese Embassy to Seychelles donated a snooker set-- including a table, cue sticks, and balls-- to the Anse Etoile community. The value of this donation is unknown. 
 
 Snooker looks very similar to billiards, but the rules, number of balls, and size of items are slightly different. ",Seychelles,SYC,Africa,2013,160,OTHER SOCIAL INFRASTRUCTURE AND SERVICES,Development,,Grant,ODA,Completion,The purpose of the project is to donate snooker table to Seychelles. More detailed location information can be found at: https://www.openstreetmap.org/node/1422537313,,Yes,No,true,"Title: Chinese Embassy donates snooker table to Seychelles
Description: On 29 May 2013, the Chinese Embassy to Seychelles donated a snooker set-- including a table, cue sticks, and balls-- to the Anse Etoile community. The value of this donation is unknown. Snooker looks very similar to billiards, but the rules, number of balls, and size of items are slightly different.
Country: Seychelles
Region: Africa
Sector: OTHER SOCIAL INFRASTRUCTURE AND SERVICES
Sector code: 160
Theme/intent: Development
Finance type: Grant
Flow class: ODA
Status: Completion
Location: The purpose of the project is to donate snooker table to Seychelles. More detailed location information can be found at: https://www.openstreetmap.org/node/1422537313"
764c44da2d054be2,,,109867,,China CITIC Bank contributes to RMB 7.48 billion syndicated loan for IWIP Ferronickel Production Line Project,"On November 30, 2022, PT Yashi Indonesia Investment (硕石印尼投资有限公司) — a joint venture of Zhenshi Holding Group, Co.,Ltd, Shanghai Decent Investment (Group) Co., Ltd and Zhejiang Huajun Investment Co., Ltd. — signed an RMB 7.48 billion ($1.6 billion) Sinosure-backed syndicated loan with 12 Chinese lenders for the IWIP Ferronickel Production Line Project. The members of the lender syndicate included China Development Bank, China Eximbank, Bank of China, Bank of Communications, the Industrial and Commercial Bank of China, China Everbright Bank, China CITIC Bank, Bank of Beijing, China Minsheng Bank (CMBC), China Construction Bank, China Zheshang Bank, and Ping An Bank. The borrowing terms are unknown.   The purpose of the project is to construct a nickel metal (ferronickel) production line in Indonesia in the Indonesia Weda Bay Industrial Park (IWIP) with the capacity to produce 126,000 tons of nickel metal each year. On November 7, 2022, the project officially commenced. Then, on June 3, 2024, the first batch of nickel iron was shipped from the facility to China.",Indonesia,IDN,Asia,2022,320,"INDUSTRY, MINING, CONSTRUCTION",Development,Yes,Loan,Vague (ODA or OOF),Implementation,"The purpose of the project is to construct a nickel metal (ferronickel) production line in Indonesia in the Indonesia Weda Bay Industrial Park (IWIP) with the capacity to produce 126,000 tons of nickel metal each year. More detailed locational information can be found at https://www.openstreetmap.org/way/203228563",,Yes,No,true,"Title: China CITIC Bank contributes to RMB 7.48 billion syndicated loan for IWIP Ferronickel Production Line Project
Description: On November 30, 2022, PT Yashi Indonesia Investment (硕石印尼投资有限公司) — a joint venture of Zhenshi Holding Group, Co.,Ltd, Shanghai Decent Investment (Group) Co., Ltd and Zhejiang Huajun Investment Co., Ltd. — signed an RMB 7.48 billion ($1.6 billion) Sinosure-backed syndicated loan with 12 Chinese lenders for the IWIP Ferronickel Production Line Project. The members of the lender syndicate included China Development Bank, China Eximbank, Bank of China, Bank of Communications, the Industrial and Commercial Bank of China, China Everbright Bank, China CITIC Bank, Bank of Beijing, China Minsheng Bank (CMBC), China Construction Bank, China Zheshang Bank, and Ping An Bank. The borrowing terms are unknown. The purpose of the project is to construct a nickel metal (ferronickel) production line in Indonesia in the Indonesia Weda Bay Industrial Park (IWIP) with the capacity to produce 126,000 tons of nickel metal each year. On November 7, 2022, the project officially commenced. Then, on June 3, 2024, the first batch of nickel iron was shipped from the facility to China.
Country: Indonesia
Region: Asia
Sector: INDUSTRY, MINING, CONSTRUCTION
Sector code: 320
Theme/intent: Development
Infrastructure: Yes
Finance type: Loan
Flow class: Vague (ODA or OOF)
Status: Implementation
Location: The purpose of the project is to construct a nickel metal (ferronickel) production line in Indonesia in the Indonesia Weda Bay Industrial Park (IWIP) with the capacity to produce 126,000 tons of nickel metal each year. More detailed locational information can be found at https://www.openstreetmap.org/way/203228563"
584475b65ada0500,,,97839,3722,China’s SAFE provides $500 million deposit loan to shore up Pakistan's foreign exchange reserves in January 2016 (Linked to Record ID#73341),"On January 23, 2009, China’s State Administration of Foreign Exchange (SAFE) provided a $500 million deposit loan to State Bank of Pakistan (SBP) in order to shore up the country’s foreign exchange reserves (and address the country’s weak current account situation). The loan, which was backed by a sovereign guarantee (from Pakistan's Ministry of Finance), carried the following borrowing terms: an interest rate of 6-month LIBOR pus a 1% margin, a 4-year maturity, and a 4-year grace period. The loan was repayable semi-annually and it was scheduled to mature on January 23, 2013.    On January 23, 2013, the $500 million SAFE deposit loan from 2009 was repaid and reissued (i.e. 'rolled over') with a maturity date of January 23, 2014. Then, on January 23, 2014, the $500 million SAFE deposit loan from 2013 was repaid and reissued (i.e. 'rolled over') with a maturity date of January 23, 2015. One year later, on January 23, 2015, the $500 million SAFE deposit loan from 2014 was repaid and reissued (i.e. 'rolled over') with a maturity date of January 23, 2016.  Then, on January 23, 2016, the $500 million SAFE deposit loan from 2015 was repaid and reissued (i.e. 'rolled over') with a maturity date of January 23, 2017. Rather than rollover for yet another year, the Government of Pakistan decided to repay the loan in 2017 due to the country’s strong macroeconomic performance and stable foreign exchange reserves position. Pakistan’s Finance Minister directed the SBP to make payment of $500 million to China’s State Administration of Foreign Exchange (SAFE) on January 23, 2017.  The then-Prime Minister Muhammad Nawaz Sharif expressed his deep appreciation to the Chinese Government for the critical support it provided through the SAFE deposit, which had stabilized the country’s current account since 2009.",Pakistan,PAK,Asia,2016,510,GENERAL BUDGET SUPPORT,Development,,Loan,OOF,Completion,,,Yes,No,true,"Title: China’s SAFE provides $500 million deposit loan to shore up Pakistan's foreign exchange reserves in January 2016 (Linked to Record ID#73341)
Description: On January 23, 2009, China’s State Administration of Foreign Exchange (SAFE) provided a $500 million deposit loan to State Bank of Pakistan (SBP) in order to shore up the country’s foreign exchange reserves (and address the country’s weak current account situation). The loan, which was backed by a sovereign guarantee (from Pakistan's Ministry of Finance), carried the following borrowing terms: an interest rate of 6-month LIBOR pus a 1% margin, a 4-year maturity, and a 4-year grace period. The loan was repayable semi-annually and it was scheduled to mature on January 23, 2013. On January 23, 2013, the $500 million SAFE deposit loan from 2009 was repaid and reissued (i.e. 'rolled over') with a maturity date of January 23, 2014. Then, on January 23, 2014, the $500 million SAFE deposit loan from 2013 was repaid and reissued (i.e. 'rolled over') with a maturity date of January 23, 2015. One year later, on January 23, 2015, the $500 million SAFE deposit loan from 2014 was repaid and reissued (i.e. 'rolled over') with a maturity date of January 23, 2016. Then, on January 23, 2016, the $500 million SAFE deposit loan from 2015 was repaid and reissued (i.e. 'rolled over') with a maturity date of January 23, 2017. Rather than rollover for yet another year, the Government of Pakistan decided to repay the loan in 2017 due to the country’s strong macroeconomic performance and stable foreign exchange reserves position. Pakistan’s Finance Minister directed the SBP to make payment of $500 million to China’s State Administration of Foreign Exchange (SAFE) on January 23, 2017. The then-Prime Minister Muhammad Nawaz Sharif expressed his deep appreciation to the Chinese Government for the critical support it provided through the SAFE deposit, which had stabilized the country’s current account since 2009.
Country: Pakistan
Region: Asia
Sector: GENERAL BUDGET SUPPORT
Sector code: 510
Theme/intent: Development
Finance type: Loan
Flow class: OOF
Status: Completion"
3456584b75872b2c,,,95773,,Cambodia’s women’s national football team receives training in China [Linked to Record ID#48887],"In September 2021, the Cambodian women’s national football team received training in China. The team consisted of 22 members that spent 90 days in China to train. This training is provided in preparation for the 32nd SEA Games that will be held in Cambodia in 2023. This football team is the first female national team to compete in the games. The 22 female players are from four different clubs in Cambodia, including Kampong Speu Provincial Education, Youth and Sports Department FC, Phnom Penh Crown FC, Preah Khan Reach Svay Rieng FC,, and Battambang Provincial Education, Youth, and Sports Department FC.  This training is provided by collaboration between the Football Federation of Cambodia (FFC) and the Chinese Government through the Cambodian SEA Games Organizing Committee (CAMSOC). The training is part of grant aid provided by China for the Morodok Techo National Stadium Construction project. The details on this project are captured in Record ID#48887.",Cambodia,KHM,Asia,2021,160,OTHER SOCIAL INFRASTRUCTURE AND SERVICES,Development,,Scholarships/training in the donor country,ODA,Implementation,,,Yes,No,true,"Title: Cambodia’s women’s national football team receives training in China [Linked to Record ID#48887]
Description: In September 2021, the Cambodian women’s national football team received training in China. The team consisted of 22 members that spent 90 days in China to train. This training is provided in preparation for the 32nd SEA Games that will be held in Cambodia in 2023. This football team is the first female national team to compete in the games. The 22 female players are from four different clubs in Cambodia, including Kampong Speu Provincial Education, Youth and Sports Department FC, Phnom Penh Crown FC, Preah Khan Reach Svay Rieng FC,, and Battambang Provincial Education, Youth, and Sports Department FC. This training is provided by collaboration between the Football Federation of Cambodia (FFC) and the Chinese Government through the Cambodian SEA Games Organizing Committee (CAMSOC). The training is part of grant aid provided by China for the Morodok Techo National Stadium Construction project. The details on this project are captured in Record ID#48887.
Country: Cambodia
Region: Asia
Sector: OTHER SOCIAL INFRASTRUCTURE AND SERVICES
Sector code: 160
Theme/intent: Development
Finance type: Scholarships/training in the donor country
Flow class: ODA
Status: Implementation"
cadf7d3499ab8f33,,,103816,,"Chinese government provides RMB 10 million worth of rice for emergency food assistance to Cabo Verde, February 2023","On February 7, 2023, the Chinese ambassador to Cape Verde, Xu Jie, and the Cabo Verdean Secretary of State for Foreign Affairs and Cooperation, Miryan Vieira, signed an agreement for China to provide RMB 10 million of emergency food aid to Cabo Verde.   On September 4, 2023, the Chinese ambassador officially handed over the donated food supplies on behalf of the Chinese Government; it was delivered in the form of 1,042 tons of rice.  The donation was part of China’s response to an appeal from the Cabo Verdean Government, which had declared a “social and economic emergency” due to overlapping crises, including the lingering effects of the COVID-19 pandemic, a prolonged drought, and the global inflationary pressure exacerbated by the war in Ukraine. Ambassador Xu Jie expressed confidence that Cabo Verde would overcome this period of hardship and noted that the aid reflects China’s commitment to supporting its development partners in times of crisis.",Cabo Verde,CPV,Africa,2023,520,DEVELOPMENTAL FOOD AID/FOOD SECURITY ASSISTANCE,Development,,Grant,ODA,Completion,Cabo Verde,,Yes,No,true,"Title: Chinese government provides RMB 10 million worth of rice for emergency food assistance to Cabo Verde, February 2023
Description: On February 7, 2023, the Chinese ambassador to Cape Verde, Xu Jie, and the Cabo Verdean Secretary of State for Foreign Affairs and Cooperation, Miryan Vieira, signed an agreement for China to provide RMB 10 million of emergency food aid to Cabo Verde. On September 4, 2023, the Chinese ambassador officially handed over the donated food supplies on behalf of the Chinese Government; it was delivered in the form of 1,042 tons of rice. The donation was part of China’s response to an appeal from the Cabo Verdean Government, which had declared a “social and economic emergency” due to overlapping crises, including the lingering effects of the COVID-19 pandemic, a prolonged drought, and the global inflationary pressure exacerbated by the war in Ukraine. Ambassador Xu Jie expressed confidence that Cabo Verde would overcome this period of hardship and noted that the aid reflects China’s commitment to supporting its development partners in times of crisis.
Country: Cabo Verde
Region: Africa
Sector: DEVELOPMENTAL FOOD AID/FOOD SECURITY ASSISTANCE
Sector code: 520
Theme/intent: Development
Finance type: Grant
Flow class: ODA
Status: Completion
Location: Cabo Verde"
26ebc704d86cdefd,,,913,3838,Chinese Government cancels R40 million of the Government of Lesotho’s outstanding obligations,"In December 2001, the Chinese Government cancelled R40 million of the Government of Lesotho’s outstanding debt obligations. The obligations resulted from interest-free loans that the Government of Lesotho previously contracted for the Lesotho National Convention Center Construction Project. These loans had reached their maturity dates by the end of 1999. The Lesotho National Convention Center Construction Project commenced in April 1996 and concluded in April 1999. It was officially handed over to the Government of Lesotho on April 9, 1999. It cost $20 million and was reportedly paid for in part with interest-free loans from the Chinese Government and funding from the Government of Lesotho. The Center has two auditoriums, four meeting rooms, a lobby, an exhibition room and a coffee bar.",Lesotho,LSO,Africa,2001,600,ACTION RELATING TO DEBT,Development,,Debt forgiveness,ODA,Completion,Maseru ,,Yes,No,true,"Title: Chinese Government cancels R40 million of the Government of Lesotho’s outstanding obligations
Description: In December 2001, the Chinese Government cancelled R40 million of the Government of Lesotho’s outstanding debt obligations. The obligations resulted from interest-free loans that the Government of Lesotho previously contracted for the Lesotho National Convention Center Construction Project. These loans had reached their maturity dates by the end of 1999. The Lesotho National Convention Center Construction Project commenced in April 1996 and concluded in April 1999. It was officially handed over to the Government of Lesotho on April 9, 1999. It cost $20 million and was reportedly paid for in part with interest-free loans from the Chinese Government and funding from the Government of Lesotho. The Center has two auditoriums, four meeting rooms, a lobby, an exhibition room and a coffee bar.
Country: Lesotho
Region: Africa
Sector: ACTION RELATING TO DEBT
Sector code: 600
Theme/intent: Development
Finance type: Debt forgiveness
Flow class: ODA
Status: Completion
Location: Maseru"
9c06845f2b2c69db,,,54699,,China loans 50 million RMB to Cuban Hospitals through Economic and Technical Cooperation Agreement,"In November 2004, China agreed to provide a 50 million RMB ($6.1 million) governmental loan to be used in the acquisition of expendable material for hospitals and polyclinics, parts replacement for medical equipment; resources for stomatology and optics. The Economic and Technical Cooperation agreement to provide the loan was signed by Bo Xilai of China's Ministry of Commerce and Ricardo Cabrisas Ruiz of Cuba. The loan is for 15 years including a grace period of five years without interest (Opciones). 
 
 ",Cuba,CUB,America,2004,120,HEALTH,Development,,Loan,ODA,Pipeline: Commitment,,,Yes,No,true,"Title: China loans 50 million RMB to Cuban Hospitals through Economic and Technical Cooperation Agreement
Description: In November 2004, China agreed to provide a 50 million RMB ($6.1 million) governmental loan to be used in the acquisition of expendable material for hospitals and polyclinics, parts replacement for medical equipment; resources for stomatology and optics. The Economic and Technical Cooperation agreement to provide the loan was signed by Bo Xilai of China's Ministry of Commerce and Ricardo Cabrisas Ruiz of Cuba. The loan is for 15 years including a grace period of five years without interest (Opciones).
Country: Cuba
Region: America
Sector: HEALTH
Sector code: 120
Theme/intent: Development
Finance type: Loan
Flow class: ODA
Status: Pipeline: Commitment"
de852b2251399919,,,37762,1715,China military hospital ship provides medical services to Tonga (linked to Record ID#65343),"On August 13, the Peace Ark hospital ship of the Chinese People’s Liberation Army Navy arrived at the port of Nukualofa, Vuna Wharf in Tonga for a 7-day visit. While providing various medical services, the hospital ship also sent its medical team to local hospitals to carry out surgical operations in cooperation with the medical staff of Tonga, and set up medical teams to pay rounds of visits to remote islands and islets to provide diagnosis and treatment services. In addition, it also sent its teams to local schools and centers for the disabled to give diagnosis and treatment and carry out donation activities. The ship departed on Wednesday, 20 August after a week of providing free medical services that included 39 surgeries, including removing a bullet from a Tongan who had been shot while he was in the United States. Medical teams were also dispatched to the Vaiola Hospital. Patients on ‘Eua Island also received free assistance when a team flew to the island on board the vessel’s medical helicopter.
 ",Tonga,TON,Oceania,2014,120,HEALTH,Development,,Free-standing technical assistance,ODA,Completion,"Nuku’alofa, Vuna Wharf, ‘Eua Island",,Yes,No,true,"Title: China military hospital ship provides medical services to Tonga (linked to Record ID#65343)
Description: On August 13, the Peace Ark hospital ship of the Chinese People’s Liberation Army Navy arrived at the port of Nukualofa, Vuna Wharf in Tonga for a 7-day visit. While providing various medical services, the hospital ship also sent its medical team to local hospitals to carry out surgical operations in cooperation with the medical staff of Tonga, and set up medical teams to pay rounds of visits to remote islands and islets to provide diagnosis and treatment services. In addition, it also sent its teams to local schools and centers for the disabled to give diagnosis and treatment and carry out donation activities. The ship departed on Wednesday, 20 August after a week of providing free medical services that included 39 surgeries, including removing a bullet from a Tongan who had been shot while he was in the United States. Medical teams were also dispatched to the Vaiola Hospital. Patients on ‘Eua Island also received free assistance when a team flew to the island on board the vessel’s medical helicopter.
Country: Tonga
Region: Oceania
Sector: HEALTH
Sector code: 120
Theme/intent: Development
Finance type: Free-standing technical assistance
Flow class: ODA
Status: Completion
Location: Nuku’alofa, Vuna Wharf, ‘Eua Island"
b4263fa8e97ae616,,,27498,,China renovates anti-malaria center in Maputo,"In April 2008, the Chinese Government and the Government of Mozambique signed a grant agreement to establish a malaria control center in Maputo. This project involved the construction of laboratories and training rooms, the provision of equipment, and the dispatching of doctors to train staff. The center began operations on October 30, 2009, and it was officially handed over to the authorities on November 25, 2009. 
 
 4 malaria experts were dispatched on September 15, 2009 to Angola for 45 days and then to Mozambique for another 45 days to help with malaria control training. These expert visits are captured in Record ID#68603 and Record ID#68605, respectively.",Mozambique,MOZ,Africa,2008,120,HEALTH,Development,Yes,Grant,ODA,Completion,Maputo,,Yes,No,true,"Title: China renovates anti-malaria center in Maputo
Description: In April 2008, the Chinese Government and the Government of Mozambique signed a grant agreement to establish a malaria control center in Maputo. This project involved the construction of laboratories and training rooms, the provision of equipment, and the dispatching of doctors to train staff. The center began operations on October 30, 2009, and it was officially handed over to the authorities on November 25, 2009. 4 malaria experts were dispatched on September 15, 2009 to Angola for 45 days and then to Mozambique for another 45 days to help with malaria control training. These expert visits are captured in Record ID#68603 and Record ID#68605, respectively.
Country: Mozambique
Region: Africa
Sector: HEALTH
Sector code: 120
Theme/intent: Development
Infrastructure: Yes
Finance type: Grant
Flow class: ODA
Status: Completion
Location: Maputo"
6690a153bd5dbd5d,,,95681,3822,China Eximbank suspends debt service payments from Government of Central African Republic in 2020,"In response to the COVID-19 pandemic and the G20 Finance Ministers and Central Bank Governors meeting that took place on April 15, 2020 and on November 13, 2020, China Eximbank agreed to work with other G20 members to implement the Debt Service Suspension Initiative (DSSI). As part of DSSI, China’s Ministry of Commerce (MOFCOM) and the Government of Central African Republic signed a debt suspension agreement during calendar year 2020 (most likely between May 2020 and July 2020).   Under the terms of the agreement, the lender agreed to suspend principal payments due between May 2020 and December 2020 under one or more interest-free loan agreements. The total estimated suspension amount is $875,000. Under the terms of the debt suspension agreement, the lender and the borrower agreed that (1) ‘it shall continue to perform all its obligations […] under the Loan Agreements as supplemented and amended by [the debt suspension agreement]’; (2) ‘it shall use the created fiscal space to increase social, health, or economic spending in response to the COVID-19 crisis […]’ and ‘work closely with the International Financial Institutions who are expected to put in place a monitoring system’;  (3) ‘it shall disclose to the Lender all Public Sector Financial Commitments (as defined in the Government Finance Statistics Manual 2014 (GFSM2014)), respecting commercially sensitive information’; and (4) ‘it shall contract no new non-concessional debt during the Suspension Period, other than agreements under the DSSI’.",Central African Republic,CAF,Africa,2020,600,ACTION RELATING TO DEBT,Mixed,,Debt rescheduling,OOF,Implementation,No locational information.,,Yes,No,true,"Title: China Eximbank suspends debt service payments from Government of Central African Republic in 2020
Description: In response to the COVID-19 pandemic and the G20 Finance Ministers and Central Bank Governors meeting that took place on April 15, 2020 and on November 13, 2020, China Eximbank agreed to work with other G20 members to implement the Debt Service Suspension Initiative (DSSI). As part of DSSI, China’s Ministry of Commerce (MOFCOM) and the Government of Central African Republic signed a debt suspension agreement during calendar year 2020 (most likely between May 2020 and July 2020). Under the terms of the agreement, the lender agreed to suspend principal payments due between May 2020 and December 2020 under one or more interest-free loan agreements. The total estimated suspension amount is $875,000. Under the terms of the debt suspension agreement, the lender and the borrower agreed that (1) ‘it shall continue to perform all its obligations […] under the Loan Agreements as supplemented and amended by [the debt suspension agreement]’; (2) ‘it shall use the created fiscal space to increase social, health, or economic spending in response to the COVID-19 crisis […]’ and ‘work closely with the International Financial Institutions who are expected to put in place a monitoring system’; (3) ‘it shall disclose to the Lender all Public Sector Financial Commitments (as defined in the Government Finance Statistics Manual 2014 (GFSM2014)), respecting commercially sensitive information’; and (4) ‘it shall contract no new non-concessional debt during the Suspension Period, other than agreements under the DSSI’.
Country: Central African Republic
Region: Africa
Sector: ACTION RELATING TO DEBT
Sector code: 600
Theme/intent: Mixed
Finance type: Debt rescheduling
Flow class: OOF
Status: Implementation
Location: No locational information."
a15b3b4d8bb6ff19,,,86854,,"China Trust Fund provides $300,000 USD grant for the South-South Cooperation: Investing in a Green Silk Road Project","On 14 December 2012, China’s Ministry of Environmental Protection (China MEP) and the United Nations Environment Program (UNEP) signed a framework agreement on strategic cooperation. This agreement involved China MEP committing $2 million annually to the China Trust Fund which focuses on environmental protection in African, ASEAN, and Central Asian countries.  According to a 2017 Final Report from UNEP, $300,000 USD from the China Trust Fund was allocated to the South-South Cooperation: Investing in a Green Silk Road Project (T3-P6) (p. 71). This project took place in China, Mongolia, and unspecified Central Asian countries. It began in March 2015 and ended in September 2016.","Asia, regional",,Asia,2012,410,GENERAL ENVIRONMENTAL PROTECTION,Development,,Grant,ODA,Completion,"China Trust Fund provides a grant for the South-South Cooperation: Investing in a Green Silk Road Project. This project took place in China, Mongolia, and unspecified Central Asian countries. More detailed locational information can be found below.China: https://www.openstreetmap.org/relation/270056Mongolia: https://www.openstreetmap.org/relation/161033",,Yes,No,true,"Title: China Trust Fund provides $300,000 USD grant for the South-South Cooperation: Investing in a Green Silk Road Project
Description: On 14 December 2012, China’s Ministry of Environmental Protection (China MEP) and the United Nations Environment Program (UNEP) signed a framework agreement on strategic cooperation. This agreement involved China MEP committing $2 million annually to the China Trust Fund which focuses on environmental protection in African, ASEAN, and Central Asian countries. According to a 2017 Final Report from UNEP, $300,000 USD from the China Trust Fund was allocated to the South-South Cooperation: Investing in a Green Silk Road Project (T3-P6) (p. 71). This project took place in China, Mongolia, and unspecified Central Asian countries. It began in March 2015 and ended in September 2016.
Country: Asia, regional
Region: Asia
Sector: GENERAL ENVIRONMENTAL PROTECTION
Sector code: 410
Theme/intent: Development
Finance type: Grant
Flow class: ODA
Status: Completion
Location: China Trust Fund provides a grant for the South-South Cooperation: Investing in a Green Silk Road Project. This project took place in China, Mongolia, and unspecified Central Asian countries. More detailed locational information can be found below.China: https://www.openstreetmap.org/relation/270056Mongolia: https://www.openstreetmap.org/relation/161033"
e9a57e6c0c1bb0d7,,,42115,,China grants 1.5 million kina for the Kandep Agriculture Station and Wheat Technical Cooperation Project in PNG,"In 2005, China agreed to finance the Kandep Agriculture Station and Wheat Technical Cooperation Project in the Kandep District, Enga Province, Papua New Guinea. The project was planned for 2007 to 2012. According to the PNG Treasury source, the total grant was for 1.5 million Kina. The Papua New Guinea government also provided 43,000 Kina.
 
 The project is for research into the suitability of different wheat species in high altitude areas. It was implemented by a team of Chinese experts together with local staff from the NARI. As of 2018, this project has been completed.",Papua New Guinea,PNG,Oceania,2005,310,"AGRICULTURE, FORESTRY, FISHING",Development,,Grant,ODA,Completion,The purpose of the project is to grant 1.5 million kina for the Kandep Agriculture Station and Wheat Technical Cooperation Project in PNG. More detailed location information can be found at: https://www.openstreetmap.org/node/304993822,,Yes,No,true,"Title: China grants 1.5 million kina for the Kandep Agriculture Station and Wheat Technical Cooperation Project in PNG
Description: In 2005, China agreed to finance the Kandep Agriculture Station and Wheat Technical Cooperation Project in the Kandep District, Enga Province, Papua New Guinea. The project was planned for 2007 to 2012. According to the PNG Treasury source, the total grant was for 1.5 million Kina. The Papua New Guinea government also provided 43,000 Kina. The project is for research into the suitability of different wheat species in high altitude areas. It was implemented by a team of Chinese experts together with local staff from the NARI. As of 2018, this project has been completed.
Country: Papua New Guinea
Region: Oceania
Sector: AGRICULTURE, FORESTRY, FISHING
Sector code: 310
Theme/intent: Development
Finance type: Grant
Flow class: ODA
Status: Completion
Location: The purpose of the project is to grant 1.5 million kina for the Kandep Agriculture Station and Wheat Technical Cooperation Project in PNG. More detailed location information can be found at: https://www.openstreetmap.org/node/304993822"
ec0744af2221fcdc,,,62645,,Chinese Government provides RMB 22 million grant for Senate Chairman’s Office Building Construction Project,"On November 30, 2015, Secretary-General of the Cambodian Senate, Song Xiaoguo, Counsellor of the Chinese Economic and Commercial Office in Cambodia, and General Manager Peng Zheng of Anhui Foreign Economic Construction Group Co., Ltd. signed the China Aid to Construct the Senate Chairman Building Project, also known as Senate Chairman’s Office Building Construction Project or 柬参议院主席办公楼项目 in Chinese, in the Cambodian Senate Chamber. The aid granted to the project fund was 22 million RMB (equivalent to 3.5 million US dollars). The contractor was Anhui Foreign Economic Construction Group (AFECC). 
 
 The groundbreaking ceremony was held on December 31, 2015 (""驻柬埔寨大使布建国出席援柬参议院主席办公楼项目开工仪式""). This project was completed on January 21, 2017, with Ambassador Xiong Bo and the Chairman of the Cambodian Senate Say Chhum attending the ceremony (""熊波大使出席援柬参议院主席办公楼竣工仪式并致辞"").
 
 The Cambodian Senate Chairman's Office Building project has a total construction area of ​​1,497.50 square meters and is a three-story reinforced concrete frame structure with office furniture and conference equipment included. The first floor of the office building is the office of the second vice-chairman, the second floor is the office of the first vice-chairman, and the third floor is the office of the chairman. ",Cambodia,KHM,Asia,2015,150,GOVERNMENT AND CIVIL SOCIETY,Development,Yes,Grant,ODA,Completion,This project involved the construction of an office building for the Cambodian Senate in the capital city of Phnom Penh.. More detailed locational information can be found at https://www.openstreetmap.org/way/237177644,,Yes,No,true,"Title: Chinese Government provides RMB 22 million grant for Senate Chairman’s Office Building Construction Project
Description: On November 30, 2015, Secretary-General of the Cambodian Senate, Song Xiaoguo, Counsellor of the Chinese Economic and Commercial Office in Cambodia, and General Manager Peng Zheng of Anhui Foreign Economic Construction Group Co., Ltd. signed the China Aid to Construct the Senate Chairman Building Project, also known as Senate Chairman’s Office Building Construction Project or 柬参议院主席办公楼项目 in Chinese, in the Cambodian Senate Chamber. The aid granted to the project fund was 22 million RMB (equivalent to 3.5 million US dollars). The contractor was Anhui Foreign Economic Construction Group (AFECC). The groundbreaking ceremony was held on December 31, 2015 (""驻柬埔寨大使布建国出席援柬参议院主席办公楼项目开工仪式""). This project was completed on January 21, 2017, with Ambassador Xiong Bo and the Chairman of the Cambodian Senate Say Chhum attending the ceremony (""熊波大使出席援柬参议院主席办公楼竣工仪式并致辞""). The Cambodian Senate Chairman's Office Building project has a total construction area of ​​1,497.50 square meters and is a three-story reinforced concrete frame structure with office furniture and conference equipment included. The first floor of the office building is the office of the second vice-chairman, the second floor is the office of the first vice-chairman, and the third floor is the office of the chairman.
Country: Cambodia
Region: Asia
Sector: GOVERNMENT AND CIVIL SOCIETY
Sector code: 150
Theme/intent: Development
Infrastructure: Yes
Finance type: Grant
Flow class: ODA
Status: Completion
Location: This project involved the construction of an office building for the Cambodian Senate in the capital city of Phnom Penh.. More detailed locational information can be found at https://www.openstreetmap.org/way/237177644"
40772dfd68bf2469,,,66232,,Chinese Embassy donated stationary and school bags to the Lebanese Social Welfare Institute,"On October 12, 2018 the Chinese Embassy donated stationary and school bags to the Lebanese Social Welfare Institute. Chinese Ambassador to Lebanon Wang Kejian visited Dar Al Aytam Al Islamiya, a social welfare institution, to donate over 500 school bags and stationery to orphans at the beginning of the academic year. The donation will go to orphaned children under the institute. ",Lebanon,LBN,Middle East,2018,110,EDUCATION,Development,,Grant,ODA,Completion,"The project donated school materials to the Social Welfare Institute (or Dar Al Aytam Islamic) in Beirut, Lebanon. More detailed locational data can be found at https://www.openstreetmap.org/way/546140465",,Yes,No,true,"Title: Chinese Embassy donated stationary and school bags to the Lebanese Social Welfare Institute
Description: On October 12, 2018 the Chinese Embassy donated stationary and school bags to the Lebanese Social Welfare Institute. Chinese Ambassador to Lebanon Wang Kejian visited Dar Al Aytam Al Islamiya, a social welfare institution, to donate over 500 school bags and stationery to orphans at the beginning of the academic year. The donation will go to orphaned children under the institute.
Country: Lebanon
Region: Middle East
Sector: EDUCATION
Sector code: 110
Theme/intent: Development
Finance type: Grant
Flow class: ODA
Status: Completion
Location: The project donated school materials to the Social Welfare Institute (or Dar Al Aytam Islamic) in Beirut, Lebanon. More detailed locational data can be found at https://www.openstreetmap.org/way/546140465"
101391e133dd09d1,,,66124,,Chinese Government donated 110 hospital beds to the Cebu City Medical Center in the Philippines.,"On December 17, 2018, Consul General Jia Li and Cebu City Mayor Tomas Osmeña signed the Deed of Donation for the 110 hospital beds donated by the Chinese Consulate of Cebu to the city government for Cebu City Medical Center (CCMC). Each bed is estimated to cost PHP 25,000, for a total donation worth PHP 2.75 million. This donation helped the shortage of hospital beds at Cebu City Medical Center.",Philippines,PHL,Asia,2018,120,HEALTH,Development,,Grant,ODA,Completion,"The project helped provide supplies to the Cebu City Medical Center at 6000 Natalio Bacalso Avenue, Cebu City, Philippines. More locational data can be found at https://www.openstreetmap.org/way/226501664#map=16/10.2976/123.8958",,Yes,No,true,"Title: Chinese Government donated 110 hospital beds to the Cebu City Medical Center in the Philippines.
Description: On December 17, 2018, Consul General Jia Li and Cebu City Mayor Tomas Osmeña signed the Deed of Donation for the 110 hospital beds donated by the Chinese Consulate of Cebu to the city government for Cebu City Medical Center (CCMC). Each bed is estimated to cost PHP 25,000, for a total donation worth PHP 2.75 million. This donation helped the shortage of hospital beds at Cebu City Medical Center.
Country: Philippines
Region: Asia
Sector: HEALTH
Sector code: 120
Theme/intent: Development
Finance type: Grant
Flow class: ODA
Status: Completion
Location: The project helped provide supplies to the Cebu City Medical Center at 6000 Natalio Bacalso Avenue, Cebu City, Philippines. More locational data can be found at https://www.openstreetmap.org/way/226501664#map=16/10.2976/123.8958"
79e26a16001965d7,,,102677,,Bank of China contributes RMB 120 million to syndicated loan with DenizBank for on-lending purposes (Linked to Record ID#96137),"On June 3, 2021, DenizBank A.Ş. signed a $410 million syndicated loan agreement with a group of Chinese and non-Chinese banks and three separate tranches (an EUR tranche, a USD tranche, and an RMB tranche). The loan carried a 1-year maturity and an RMB 125 million tranche from the Dubai Branch of the Industrial and Commercial Bank of China (ICBC). The RMB tranche fully disbursed on June 10, 2021. The proceeds of the loan were to be used by the borrower for on-lending purposes.",Turkey,TUR,Europe,2021,240,BANKING AND FINANCIAL SERVICES,Commercial,,Loan,OOF,Pipeline: Commitment,,,Yes,No,true,"Title: Bank of China contributes RMB 120 million to syndicated loan with DenizBank for on-lending purposes (Linked to Record ID#96137)
Description: On June 3, 2021, DenizBank A.Ş. signed a $410 million syndicated loan agreement with a group of Chinese and non-Chinese banks and three separate tranches (an EUR tranche, a USD tranche, and an RMB tranche). The loan carried a 1-year maturity and an RMB 125 million tranche from the Dubai Branch of the Industrial and Commercial Bank of China (ICBC). The RMB tranche fully disbursed on June 10, 2021. The proceeds of the loan were to be used by the borrower for on-lending purposes.
Country: Turkey
Region: Europe
Sector: BANKING AND FINANCIAL SERVICES
Sector code: 240
Theme/intent: Commercial
Finance type: Loan
Flow class: OOF
Status: Pipeline: Commitment"
1a4338598be6112c,,,67401,2449,"Sinohydro donates 300 blankets and 100 sets of bedding to support disaster relief efforts (Linked to Record ID#67269, #67267, #66879)","On August 6th, 2016, 25 thousand people were influenced by the severe rainstorm in Skopje region. People faced a shortage of food, water, and electricity.  On August 11, 2016, the Seventh Bureau of China Water and Electric Power or Sinohydro or 中水电七局 dispatched a total of 10 trucks, 3 excavators, and 1 sprinkler to the most severely affected villages of Singlizi, Stajkovic, and Ellington for road repairs and cleaning (See Record ID#67269).  On August 12, 2016, Seventh Hydropower Bureau or Sinohydro donated 300 blankets and 100 sets of bedding and other materials worth 4000 Euros to the local victims in Skopje.  Record ID#67267 and #66879 captured the donations with same disaster. ",North Macedonia,MKD,Europe,2016,720,EMERGENCY RESPONSE,Development,,Grant,ODA,Completion,"This project involves the donation of blankets and bedding to victims in Skopje. For more detailed locational information, see: https://www.openstreetmap.org/relation/6966465",,Yes,No,true,"Title: Sinohydro donates 300 blankets and 100 sets of bedding to support disaster relief efforts (Linked to Record ID#67269, #67267, #66879)
Description: On August 6th, 2016, 25 thousand people were influenced by the severe rainstorm in Skopje region. People faced a shortage of food, water, and electricity. On August 11, 2016, the Seventh Bureau of China Water and Electric Power or Sinohydro or 中水电七局 dispatched a total of 10 trucks, 3 excavators, and 1 sprinkler to the most severely affected villages of Singlizi, Stajkovic, and Ellington for road repairs and cleaning (See Record ID#67269). On August 12, 2016, Seventh Hydropower Bureau or Sinohydro donated 300 blankets and 100 sets of bedding and other materials worth 4000 Euros to the local victims in Skopje. Record ID#67267 and #66879 captured the donations with same disaster.
Country: North Macedonia
Region: Europe
Sector: EMERGENCY RESPONSE
Sector code: 720
Theme/intent: Development
Finance type: Grant
Flow class: ODA
Status: Completion
Location: This project involves the donation of blankets and bedding to victims in Skopje. For more detailed locational information, see: https://www.openstreetmap.org/relation/6966465"
148f1d930b386a21,,,57982,1878,"Chinese Government provides $38.6 million loan for purchase of electricity equipment (Linked to Record ID#47128, #47205)","In 2002, the Chinese Government and the Government of Sudan signed a $38.6 million loan agreement for the purchase of equipment and spare parts to support Phase I of Khartoum State Electricity Facilities Rehabilitation Project. The loan carried the following borrowing terms: aa 5% interest rate , 6-year maturity, and a 2-year grace period. It is unclear whether these funds were ever disbursed. ",Sudan,SDN,Africa,2002,230,ENERGY,Development,,Loan,OOF,Pipeline: Commitment,The purpose of the project is to provide $38.6 million loan for the purchase of electricity equipment. More detailed location information can be found at: https://www.openstreetmap.org/relation/3774673#map=9/15.9007/33.0133,,Yes,No,true,"Title: Chinese Government provides $38.6 million loan for purchase of electricity equipment (Linked to Record ID#47128, #47205)
Description: In 2002, the Chinese Government and the Government of Sudan signed a $38.6 million loan agreement for the purchase of equipment and spare parts to support Phase I of Khartoum State Electricity Facilities Rehabilitation Project. The loan carried the following borrowing terms: aa 5% interest rate , 6-year maturity, and a 2-year grace period. It is unclear whether these funds were ever disbursed.
Country: Sudan
Region: Africa
Sector: ENERGY
Sector code: 230
Theme/intent: Development
Finance type: Loan
Flow class: OOF
Status: Pipeline: Commitment
Location: The purpose of the project is to provide $38.6 million loan for the purchase of electricity equipment. More detailed location information can be found at: https://www.openstreetmap.org/relation/3774673#map=9/15.9007/33.0133"
55fd942031c7f350,,,1522,1010,"China loans 80 million RMB to Tanzania for technical assistance projects (Linked to Record ID#14883, #14897, #14902, #14910, #23288, #23296)","Between 22 and 23 June 2006, Chinese Premier Wen Jiabao made an official visit to Tanzania. On June 23, 2006 the Tanzanian Minister for Foreign Affairs and International Cooperation and China's Minister of Trade Bo Xilai signed a loan agreement worth 80 million RMB for various technical assistance projects, including an agricultural training center (#14883), a center for the prevention and treatment of malaria (#14897), provision of anti-malarial medications (#14902), and construction of primary schools (#14910, #23288, #23296). The financial breakdown is unknown. ",Tanzania,TZA,Africa,2006,430,OTHER MULTISECTOR,Development,,Loan,ODA,Completion,,,No,Yes,true,"Title: China loans 80 million RMB to Tanzania for technical assistance projects (Linked to Record ID#14883, #14897, #14902, #14910, #23288, #23296)
Description: Between 22 and 23 June 2006, Chinese Premier Wen Jiabao made an official visit to Tanzania. On June 23, 2006 the Tanzanian Minister for Foreign Affairs and International Cooperation and China's Minister of Trade Bo Xilai signed a loan agreement worth 80 million RMB for various technical assistance projects, including an agricultural training center (#14883), a center for the prevention and treatment of malaria (#14897), provision of anti-malarial medications (#14902), and construction of primary schools (#14910, #23288, #23296). The financial breakdown is unknown.
Country: Tanzania
Region: Africa
Sector: OTHER MULTISECTOR
Sector code: 430
Theme/intent: Development
Finance type: Loan
Flow class: ODA
Status: Completion"
125e7486cd8bb485,,,31882,,China Donate Climate Change Goods to Cameroon,"On November 18, 2013, Chinese ambassador Wo Ruidi and Cameroonian Minister of Energy Atangaba Kouna Basile signed the handover certificate of the donated goods in response to climate change.",Cameroon,CMR,Africa,2013,410,GENERAL ENVIRONMENTAL PROTECTION,Development,,Grant,ODA,Completion,,,Yes,No,true,"Title: China Donate Climate Change Goods to Cameroon
Description: On November 18, 2013, Chinese ambassador Wo Ruidi and Cameroonian Minister of Energy Atangaba Kouna Basile signed the handover certificate of the donated goods in response to climate change.
Country: Cameroon
Region: Africa
Sector: GENERAL ENVIRONMENTAL PROTECTION
Sector code: 410
Theme/intent: Development
Finance type: Grant
Flow class: ODA
Status: Completion"
acfa63b053699ade,,,60163,,Chinese Embassy donates 3 concierge cars to Kenya's Ministry of Foreign Affairs,"On Dec 20, 2005, the Chinese ambassador to Kenya, Guo Chongli, signed a handover certificate for 3 concierge/courtesy cars which the Chinese government donated to Kenya's Ministry of Foreign Affairs. The value of the cars is unknown. ",Kenya,KEN,Africa,2005,150,GOVERNMENT AND CIVIL SOCIETY,Development,,Grant,ODA,Completion,The purpose of the project is to donate 3 concierge cars to Kenya's Ministry of Foreign Affairs. More detailed locational information can be found at https://www.openstreetmap.org/way/699393576,,Yes,No,true,"Title: Chinese Embassy donates 3 concierge cars to Kenya's Ministry of Foreign Affairs
Description: On Dec 20, 2005, the Chinese ambassador to Kenya, Guo Chongli, signed a handover certificate for 3 concierge/courtesy cars which the Chinese government donated to Kenya's Ministry of Foreign Affairs. The value of the cars is unknown.
Country: Kenya
Region: Africa
Sector: GOVERNMENT AND CIVIL SOCIETY
Sector code: 150
Theme/intent: Development
Finance type: Grant
Flow class: ODA
Status: Completion
Location: The purpose of the project is to donate 3 concierge cars to Kenya's Ministry of Foreign Affairs. More detailed locational information can be found at https://www.openstreetmap.org/way/699393576"
58820f11a8faea74,,,59518,,China Eximbank provides RMB 250 million loan for GSM Network Expansion Project,"On January 28, 2006, China Eximbank and the Government of the Democratic Republic of Congo signed an RMB 250,000,000 loan agreement for Phase 2 of the GSM Network Expansion Project. This loan carried the following terms: 15 year maturity, 4 year grace period, and 2% interest rate. The project is also found under the alternative project title of Next Generation Network with a loan date of 2008. The purpose of this project is to facilitate a nationwide expansion of the country’s GSM Network. ",Democratic Republic of the Congo,COD,Africa,2006,220,COMMUNICATIONS,Development,Yes,Loan,ODA,Pipeline: Commitment,,,Yes,No,true,"Title: China Eximbank provides RMB 250 million loan for GSM Network Expansion Project
Description: On January 28, 2006, China Eximbank and the Government of the Democratic Republic of Congo signed an RMB 250,000,000 loan agreement for Phase 2 of the GSM Network Expansion Project. This loan carried the following terms: 15 year maturity, 4 year grace period, and 2% interest rate. The project is also found under the alternative project title of Next Generation Network with a loan date of 2008. The purpose of this project is to facilitate a nationwide expansion of the country’s GSM Network.
Country: Democratic Republic of the Congo
Region: Africa
Sector: COMMUNICATIONS
Sector code: 220
Theme/intent: Development
Infrastructure: Yes
Finance type: Loan
Flow class: ODA
Status: Pipeline: Commitment"
850477c260da001c,,,97073,,Chinese Government to provide scholarships to Peruvian students in 2021,"On February 10, 2021, the Peruvian Government announced that the Chinese Government will provide scholarships to Peruvian students for studies at various Chinese universities. The Peruvian Ministry of Education announced that the benefits of this scholarship include housing, maintenance, tuition fees, and university health insurance. The specific monetary value or official provision of these scholarships is unknown. ",Peru,PER,America,2021,110,EDUCATION,Development,,Scholarships/training in the donor country,ODA,Pipeline: Commitment,No location info available.,,Yes,No,true,"Title: Chinese Government to provide scholarships to Peruvian students in 2021
Description: On February 10, 2021, the Peruvian Government announced that the Chinese Government will provide scholarships to Peruvian students for studies at various Chinese universities. The Peruvian Ministry of Education announced that the benefits of this scholarship include housing, maintenance, tuition fees, and university health insurance. The specific monetary value or official provision of these scholarships is unknown.
Country: Peru
Region: America
Sector: EDUCATION
Sector code: 110
Theme/intent: Development
Finance type: Scholarships/training in the donor country
Flow class: ODA
Status: Pipeline: Commitment
Location: No location info available."
69850255a549d8a0,,,90765,,Chinese Consulate General in Kota Kinabalu provides cash awards for the short film competition in 2020,"On August 19, 2020, the Chinese Consulate General in Kota Kinabalu announced their third ""China-Sabah Love"" short film competition. According to a source from the Consulate General in Kota Kinabalu, the competition is intended to publicize the moving stories of China and Sabah in joint efforts to fight against COVID-19, highlight the enduring friendship between China and Sabah, and show the preservation of Chinese cultures. The awards for competitors are RM 10,000 in cash and a trophy for the Gold Award, RM 8,000 in cash and trophy for the Silver award, RM5,000 in cash and a trophy for Bronze, RM2,000 in cash and a trophy for Best Editing, RM2,000 in cash and a trophy for Best Creative award, and 15 Consolation Prizes for RM600 in cash and a trophy each . The winners were announced on January 11, 2021. ",Malaysia,MYS,Asia,2020,160,OTHER SOCIAL INFRASTRUCTURE AND SERVICES,Representational,,Grant,OOF,Completion,"The China-Sabah Love short film competition organizers include the Consulate General of the People’s Republic of China in Kota Kinabalu and the Kota Kinabalu Journalists Association. The office of the Consulate General of the People’s Republic of China in Kota Kinabalu is located at Palm Court, Lot 10, No 3, VIP Lot, Lorong Pokok Palma Rajah & Jalan Lintas, Taman Ria 1, 88450 Kota Kinabalu, Sabah, Malaysia, and the Kota Kinabalu Journalists Association is located at Jalan Laiman Diki, Kampung Air, 88801 Kota Kinabalu, Sabah, Malaysia. More detailed locational information can be found at: https://www.openstreetmap.org/way/637183604 and https://www.openstreetmap.org/way/117168844.",,Yes,No,true,"Title: Chinese Consulate General in Kota Kinabalu provides cash awards for the short film competition in 2020
Description: On August 19, 2020, the Chinese Consulate General in Kota Kinabalu announced their third ""China-Sabah Love"" short film competition. According to a source from the Consulate General in Kota Kinabalu, the competition is intended to publicize the moving stories of China and Sabah in joint efforts to fight against COVID-19, highlight the enduring friendship between China and Sabah, and show the preservation of Chinese cultures. The awards for competitors are RM 10,000 in cash and a trophy for the Gold Award, RM 8,000 in cash and trophy for the Silver award, RM5,000 in cash and a trophy for Bronze, RM2,000 in cash and a trophy for Best Editing, RM2,000 in cash and a trophy for Best Creative award, and 15 Consolation Prizes for RM600 in cash and a trophy each . The winners were announced on January 11, 2021.
Country: Malaysia
Region: Asia
Sector: OTHER SOCIAL INFRASTRUCTURE AND SERVICES
Sector code: 160
Theme/intent: Representational
Finance type: Grant
Flow class: OOF
Status: Completion
Location: The China-Sabah Love short film competition organizers include the Consulate General of the People’s Republic of China in Kota Kinabalu and the Kota Kinabalu Journalists Association. The office of the Consulate General of the People’s Republic of China in Kota Kinabalu is located at Palm Court, Lot 10, No 3, VIP Lot, Lorong Pokok Palma Rajah & Jalan Lintas, Taman Ria 1, 88450 Kota Kinabalu, Sabah, Malaysia, and the Kota Kinabalu Journalists Association is located at Jalan Laiman Diki, Kampung Air, 88801 Kota Kinabalu, Sabah, Malaysia. More detailed locational information can be found at: https://www.openstreetmap.org/way/637183604 and https://www.openstreetmap.org/way/117168844."
1e841e059aa8f196,,,73229,,ICBC contributes EUR 200 million to EUR 2.265 billion syndicated loan for Çanakkale (Dardanelles) 1915 Bridge and Motorway PPP Project (Linked to Record ID#67330),"In June 2018, 21 banks, including the Industrial and Commercial Bank of China (ICBC) and Bank of China (BOC), provided a EUR 2.265 billion syndicated loan to Çanakkale Otoyol ve Köprüsü İnşaat Yatırım Ve İşletme A.Ş. (Çanakkale Motorway Bridge Construction Investment Management Inc.) — a special purpose vehicle (SPV) and a joint venture of Limak (limak.com.tr), Yapı Merkezi (ym.com.tr) of Turkey, Daelim (daelim.co.kr), SK E&C (skec.com) of South Korea — for the Çanakkale (Dardanelles) 1915 Bridge and Motorway PPP Project. These banks included ICBC, BOC, Siemens Bank, Natixis, Standart Chartered, ING, KEB Hana, KDB, Shinhan Bank, Intesa Sanpolo, DZ Bank, Deutsche Bank, EKF, ICIEC, Kuwait Finance House, Kuveyt Türk, Isbank, Garanti, Vakıfbank, Akbank, Finansbank, and Yapı Kredi. Various branches of ICBC reportedly contributed EUR 200 million. Bank of China reportedly contributed $151.8 million. Bank of China’s contribution is captured via Record ID#67330 and ICBC’s contribution is captured via Record ID#73229. The syndicated loan reportedly carried a 15-year maturity and a 5 year grace period. The interest rate is unknown. The Government of Turkey issued a sovereign guarantee on March 16, 2018, covering 85% of the debt in the event that the borrower/project company (Çanakkale Otoyol ve Köprüsü İnşaat Yatırım Ve İşletme A.Ş.) defaults on its repayment obligations (down on the 100% offered in the past but still comforting given that the other 15% is covered by parent sponsor guarantees). The Government of Turkey also provided a minimum traffic guarantee to the project company (to secure the payback of the debt and equity if the generated revenue is not enough).   The purpose of this EUR 3.14 billion PPP project is the construction and operation of the 1915 Dardanelles Bridge and Motorway in Çanakkale, Turkey. The project involves the construction of an 88 km three-lane motorway between Malkara and Çanakkale, 48 km of connection roads, and the EUR 1.68 billion 1915 bridge – the world’s longest and Turkey’s second tallest upon completion. The bridge that is being built has the potential to be a landmark which connects the continents of Europe and Asia. The project route passes by the southern tip of the Malkara settlement and the western border of Şarköy, then turns towards the southwest and reaches the Gallipoli Peninsula via the eastern part of Evreşe. Passing through the northern end of Gallipoli, the motorway reaches the region of Umurbey on the Asian shore via the 1915 Çanakkale Bridge located between Sütlüce Village in Europe and Lapseki in Asia. Besides the 1915 Çanakkale Bridge, the project also includes the construction of 2 approach viaducts, 4 viaducts, 55 bridges and overpasses (including 1 ecological overpass), 40 underpasses, 238 culverts of various sizes, 12 junctions (including those on the state road), 4 motorway service areas, 2 operation and maintenance centers, and 7 toll plazas. Since the project was tendered under the Build-Operate-Transfer (BOT) model, the construction and operation of the project are being carried out within the limits of the period that Çanakkale Highway and Bridge Construction Investment and Management Inc. (ÇOK A.Ş.) had bid in the tender. At the end of this period, the 1915 Çanakkale Bridge and Motorway will be transferred to Turkey’s General Directorate of Highways.   A groundbreaking ceremony for the project took place on March 18, 2017. The legs of the 1915 Çanakkale Bridge Tower were officially completed on May 16, 2020. The construction for the Çanakkale (Dardanelles) 1915 Bridge and Motorway is expected to be completed by 2023. The project was officially completed on March 18, 2022.",Turkey,TUR,Europe,2018,210,TRANSPORT AND STORAGE,Development,Yes,Loan,Vague (ODA or OOF),Completion,"The purpose of this project is the construction and operation of the 1915 Dardanelles Bridge and Motorway in Çanakkale, Turkey. The project involves the construction of an 88 km three-lane motorway between Malkara and Çanakkale, 48 km of connection roads, and the EUR 1.68 billion 1915 bridge – the world’s longest and Turkey’s second tallest upon completion. The bridge that is being built has the potential to be a landmark which also connects continents of Europe and Asia. The project route passes by the southern tip of the Malkara settlement and the western border of Şarköy, then turns towards the southwest and reaches the Gallipoli Peninsula via the eastern part of Evreşe. Passing through the northern end of Gallipoli, the motorway reaches the region of Umurbey on the Asian shore via the 1915 Çanakkale Bridge located between Sütlüce Village in Europe and Lapseki in Asia. Besides the 1915 Çanakkale Bridge, the project also includes the construction of 2 approach viaducts, 4 viaducts, 55 bridges and overpasses (including 1 ecological overpass), 40 underpasses, 238 culverts of various sizes, 12 junctions (including those on the state road), 4 motorway service areas, 2 operation and maintenance centers, 7 toll plazas. More detailed locational information can be found at:https://www.openstreetmap.org/way/609759342#map=15/40.3388/26.6380 https://www.openstreetmap.org/directions?engine=fossgis_osrm_car&route=40.3510%2C26.6143%3B40.8709%2C27.0438#map=10/40.7728/27.0717https://www.openstreetmap.org/directions?engine=fossgis_osrm_car&route=40.32681%2C26.66207%3B40.28567%2C26.63336https://www.openstreetmap.org/way/1033757117https://www.openstreetmap.org/way/776155990https://www.openstreetmap.org/way/886510653#map=15/40.2817/26.6371https://www.openstreetmap.org/way/745190170https://www.openstreetmap.org/way/886510649https://www.openstreetmap.org/way/776155993https://www.openstreetmap.org/way/1033418330",,Yes,No,true,"Title: ICBC contributes EUR 200 million to EUR 2.265 billion syndicated loan for Çanakkale (Dardanelles) 1915 Bridge and Motorway PPP Project (Linked to Record ID#67330)
Description: In June 2018, 21 banks, including the Industrial and Commercial Bank of China (ICBC) and Bank of China (BOC), provided a EUR 2.265 billion syndicated loan to Çanakkale Otoyol ve Köprüsü İnşaat Yatırım Ve İşletme A.Ş. (Çanakkale Motorway Bridge Construction Investment Management Inc.) — a special purpose vehicle (SPV) and a joint venture of Limak (limak.com.tr), Yapı Merkezi (ym.com.tr) of Turkey, Daelim (daelim.co.kr), SK E&C (skec.com) of South Korea — for the Çanakkale (Dardanelles) 1915 Bridge and Motorway PPP Project. These banks included ICBC, BOC, Siemens Bank, Natixis, Standart Chartered, ING, KEB Hana, KDB, Shinhan Bank, Intesa Sanpolo, DZ Bank, Deutsche Bank, EKF, ICIEC, Kuwait Finance House, Kuveyt Türk, Isbank, Garanti, Vakıfbank, Akbank, Finansbank, and Yapı Kredi. Various branches of ICBC reportedly contributed EUR 200 million. Bank of China reportedly contributed $151.8 million. Bank of China’s contribution is captured via Record ID#67330 and ICBC’s contribution is captured via Record ID#73229. The syndicated loan reportedly carried a 15-year maturity and a 5 year grace period. The interest rate is unknown. The Government of Turkey issued a sovereign guarantee on March 16, 2018, covering 85% of the debt in the event that the borrower/project company (Çanakkale Otoyol ve Köprüsü İnşaat Yatırım Ve İşletme A.Ş.) defaults on its repayment obligations (down on the 100% offered in the past but still comforting given that the other 15% is covered by parent sponsor guarantees). The Government of Turkey also provided a minimum traffic guarantee to the project company (to secure the payback of the debt and equity if the generated revenue is not enough). The purpose of this EUR 3.14 billion PPP project is the construction and operation of the 1915 Dardanelles Bridge and Motorway in Çanakkale, Turkey. The project involves the construction of an 88 km three-lane motorway between Malkara and Çanakkale, 48 km of connection roads, and the EUR 1.68 billion 1915 bridge – the world’s longest and Turkey’s second tallest upon completion. The bridge that is being built has the potential to be a landmark which connects the continents of Europe and Asia. The project route passes by the southern tip of the Malkara settlement and the western border of Şarköy, then turns towards the southwest and reaches the Gallipoli Peninsula via the eastern part of Evreşe. Passing through the northern end of Gallipoli, the motorway reaches the region of Umurbey on the Asian shore via the 1915 Çanakkale Bridge located between Sütlüce Village in Europe and Lapseki in Asia. Besides the 1915 Çanakkale Bridge, the project also includes the construction of 2 approach viaducts, 4 viaducts, 55 bridges and overpasses (including 1 ecological overpass), 40 underpasses, 238 culverts of various sizes, 12 junctions (including those on the state road), 4 motorway service areas, 2 operation and maintenance centers, and 7 toll plazas. Since the project was tendered under the Build-Operate-Transfer (BOT) model, the construction and operation of the project are being carried out within the limits of the period that Çanakkale Highway and Bridge Construction Investment and Management Inc. (ÇOK A.Ş.) had bid in the tender. At the end of this period, the 1915 Çanakkale Bridge and Motorway will be transferred to Turkey’s General Directorate of Highways. A groundbreaking ceremony for the project took place on March 18, 2017. The legs of the 1915 Çanakkale Bridge Tower were officially completed on May 16, 2020. The construction for the Çanakkale (Dardanelles) 1915 Bridge and Motorway is expected to be completed by 2023. The project was officially completed on March 18, 2022.
Country: Turkey
Region: Europe
Sector: TRANSPORT AND STORAGE
Sector code: 210
Theme/intent: Development
Infrastructure: Yes
Finance type: Loan
Flow class: Vague (ODA or OOF)
Status: Completion
Location: The purpose of this project is the construction and operation of the 1915 Dardanelles Bridge and Motorway in Çanakkale, Turkey. The project involves the construction of an 88 km three-lane motorway between Malkara and Çanakkale, 48 km of connection roads, and the EUR 1.68 billion 1915 bridge – the world’s longest and Turkey’s second tallest upon completion. The bridge that is being built has the potential to be a landma"
5dd98e92b1276969,,,41927,,China gives $14k to Micronesia to buy computers for the FSM congress,"In 2008, China gave $14,000 to Micronesia to buy computers for the Federated States of Micronesia Congress. No other information on this project was available. 
 
 ",Micronesia,FSM,Oceania,2008,150,GOVERNMENT AND CIVIL SOCIETY,Development,,Grant,ODA,Completion, The purpose of the project is to grant $14k to Micronesia to buy computers for the FSM congress. More detailed location information can be found at: https://www.openstreetmap.org/way/548354582,,Yes,No,true,"Title: China gives $14k to Micronesia to buy computers for the FSM congress
Description: In 2008, China gave $14,000 to Micronesia to buy computers for the Federated States of Micronesia Congress. No other information on this project was available.
Country: Micronesia
Region: Oceania
Sector: GOVERNMENT AND CIVIL SOCIETY
Sector code: 150
Theme/intent: Development
Finance type: Grant
Flow class: ODA
Status: Completion
Location: The purpose of the project is to grant $14k to Micronesia to buy computers for the FSM congress. More detailed location information can be found at: https://www.openstreetmap.org/way/548354582"
9d914ea685d349f5,,,102642,,"ICBC contributes to $302 million secured, syndicated term loan for financing of three 13,100 TEU class container carriers","On December 14, 2010, Onayzah Limited, Alula Limited and Tayma Limited — three special purpose vehicles (SPVs) and wholly-owned subsidiaries of United Arab Shipping Company S.A.G. [UASC (S.A.G.)] — signed a $302,040,000 secured, syndicated term loan agreement for the financing of three 13,100 TEU class container carriers.   The Export-Import Bank of Korea (KEXIM), BNP Paribas S.A., Industrial and Commercial Bank of China, Dubai (DIFC) Branch, and Ahli United Bank B.S.C. served as commercial lenders and mandated lead arrangers. BNP Paribas S.A. serves as documentation agent, facility agent and security agent and BNP Paribas (Suisse) S.A. served as an account bank.   The loan agreement contemplates each borrower (SPV) acquiring title to one of the container carriers, with each borrower being joint and severally liable for the obligations of the other borrowers under the loan agreement. The loan was to be repaid in twenty-four equal consecutive semi-annual installments. It carried an interest rate of LIBOR plus an unspecified margin. All obligations of the borrowers (SPV) were guaranteed by UASC (S.A.G.) — a joint venture of the Public Investment Fund of the of the Kingdom of Saudi Arabia, Kuwait Investment Authority, Qatar Investment Authority, Investment Corporation of Dubai, Iraqi Fund for External Development, and Bahrain Mumtalakat Holding Company B.S.C. All obligations were also secured by asset security customary for this type of asset financing transaction, including a mortgage over the financed vessels, assignments by the borrowers of rights and claims under the shipbuilding contracts and refund guarantees, and a general assignment by each of the borrowers and UASC (S.A.G.) of their respective rights in the insurances and transaction documents.   As of September 30, 2016, the loan’s aggregate principal amount outstanding was $188,775,000.","Middle East, regional",,Middle East,2010,210,TRANSPORT AND STORAGE,Commercial,,Loan,OOF,Implementation,,,Yes,No,true,"Title: ICBC contributes to $302 million secured, syndicated term loan for financing of three 13,100 TEU class container carriers
Description: On December 14, 2010, Onayzah Limited, Alula Limited and Tayma Limited — three special purpose vehicles (SPVs) and wholly-owned subsidiaries of United Arab Shipping Company S.A.G. [UASC (S.A.G.)] — signed a $302,040,000 secured, syndicated term loan agreement for the financing of three 13,100 TEU class container carriers. The Export-Import Bank of Korea (KEXIM), BNP Paribas S.A., Industrial and Commercial Bank of China, Dubai (DIFC) Branch, and Ahli United Bank B.S.C. served as commercial lenders and mandated lead arrangers. BNP Paribas S.A. serves as documentation agent, facility agent and security agent and BNP Paribas (Suisse) S.A. served as an account bank. The loan agreement contemplates each borrower (SPV) acquiring title to one of the container carriers, with each borrower being joint and severally liable for the obligations of the other borrowers under the loan agreement. The loan was to be repaid in twenty-four equal consecutive semi-annual installments. It carried an interest rate of LIBOR plus an unspecified margin. All obligations of the borrowers (SPV) were guaranteed by UASC (S.A.G.) — a joint venture of the Public Investment Fund of the of the Kingdom of Saudi Arabia, Kuwait Investment Authority, Qatar Investment Authority, Investment Corporation of Dubai, Iraqi Fund for External Development, and Bahrain Mumtalakat Holding Company B.S.C. All obligations were also secured by asset security customary for this type of asset financing transaction, including a mortgage over the financed vessels, assignments by the borrowers of rights and claims under the shipbuilding contracts and refund guarantees, and a general assignment by each of the borrowers and UASC (S.A.G.) of their respective rights in the insurances and transaction documents. As of September 30, 2016, the loan’s aggregate principal amount outstanding was $188,775,000.
Country: Middle East, regional
Region: Middle East
Sector: TRANSPORT AND STORAGE
Sector code: 210
Theme/intent: Commercial
Finance type: Loan
Flow class: OOF
Status: Implementation"
70eb18ac47757cc0,,,67,672,CDB extends $1.5 billion credit facility -- via common terms agreement -- to Angola's Ministry of Finance for infrastructure projects in November 2009,"On November 9, 2009, Angola's Ministry of Finance and the China Development Bank (CDB) entered into a $1.5 billion common terms agreement to support social housing, agriculture, roads and railways, schools and hospitals, water and energy production, and transportation and telecommunication projects (to be mutually agreed upon by the Government of Angola and the Chinese Government). The common terms agreement is a master agreement under which Angola and CDB may conclude individual facility agreements for the purpose of financing the contract price owing to certain approved contractors and suppliers in respect of certain approved social and economic infrastructure projects in Angola.   The term (maturity) and amount (face value) of each facility is set out in each relevant individual facility agreement. As of June 20, 2015, the facility was no longer available, with an aggregate of $613.5 million outstanding as of December 31, 2017 and an aggregate of $89 million outstanding as of December 31, 2021 under the individual facility agreements entered into under this common terms agreement. No oil guarantee was provided for the credit facility and its interest rate was priced on commercial terms.   According to China's Ministry of Agriculture and Rural Affairs's Foreign Economic Cooperation Center, the $1.5 billion credit facility was mainly used for agricultural development.  The projects funded through the credit facility are listed below:  Pedras Negras Farm Project (Record ID#64146) Longa Rice Planting Agro-Industrial Farm Project (Record ID#64184) Camaiangala Agroindustrial Farm Project (Record ID#64200) Phase 1 of Sanza Pombo Farm Project (Record ID#64152) Camacupa Agro-industrial Farm Project (Record ID#64148) Manquete Agro-Livestock Development Project (Record ID#43785) Moçâmedes Railway Renovation Project (Record ID#64862) Camama Municipal Infrastructure Project (Record ID#67366) Caxito Irrigated Perimeter Construction Project (Record ID#64674) Ganjelas Irrigated Perimeter Construction Project (Record ID#64677) Luena Irrigated Perimeter Construction Project (Record ID#64678) Humpata Irrigated Perimeter Construction Project (Record ID#64679) Viana Integrated Infrastructure Construction Project (Record ID#67189)",Angola,AGO,Africa,2009,430,OTHER MULTISECTOR,Development,,Loan,ODA,Implementation,,,No,Yes,true,"Title: CDB extends $1.5 billion credit facility -- via common terms agreement -- to Angola's Ministry of Finance for infrastructure projects in November 2009
Description: On November 9, 2009, Angola's Ministry of Finance and the China Development Bank (CDB) entered into a $1.5 billion common terms agreement to support social housing, agriculture, roads and railways, schools and hospitals, water and energy production, and transportation and telecommunication projects (to be mutually agreed upon by the Government of Angola and the Chinese Government). The common terms agreement is a master agreement under which Angola and CDB may conclude individual facility agreements for the purpose of financing the contract price owing to certain approved contractors and suppliers in respect of certain approved social and economic infrastructure projects in Angola. The term (maturity) and amount (face value) of each facility is set out in each relevant individual facility agreement. As of June 20, 2015, the facility was no longer available, with an aggregate of $613.5 million outstanding as of December 31, 2017 and an aggregate of $89 million outstanding as of December 31, 2021 under the individual facility agreements entered into under this common terms agreement. No oil guarantee was provided for the credit facility and its interest rate was priced on commercial terms. According to China's Ministry of Agriculture and Rural Affairs's Foreign Economic Cooperation Center, the $1.5 billion credit facility was mainly used for agricultural development. The projects funded through the credit facility are listed below: Pedras Negras Farm Project (Record ID#64146) Longa Rice Planting Agro-Industrial Farm Project (Record ID#64184) Camaiangala Agroindustrial Farm Project (Record ID#64200) Phase 1 of Sanza Pombo Farm Project (Record ID#64152) Camacupa Agro-industrial Farm Project (Record ID#64148) Manquete Agro-Livestock Development Project (Record ID#43785) Moçâmedes Railway Renovation Project (Record ID#64862) Camama Municipal Infrastructure Project (Record ID#67366) Caxito Irrigated Perimeter Construction Project (Record ID#64674) Ganjelas Irrigated Perimeter Construction Project (Record ID#64677) Luena Irrigated Perimeter Construction Project (Record ID#64678) Humpata Irrigated Perimeter Construction Project (Record ID#64679) Viana Integrated Infrastructure Construction Project (Record ID#67189)
Country: Angola
Region: Africa
Sector: OTHER MULTISECTOR
Sector code: 430
Theme/intent: Development
Finance type: Loan
Flow class: ODA
Status: Implementation"
25ee61c87c88085f,,,56935,,Chinese government donates anti-malarial drugs to Ministry of Health,"On December 6, 2011, a handover ceremony was held for the donation of anti-malarial drugs to the Ministry of Health from the Chinese Government. The value of the donation is unknown.",Mauritania,MRT,Africa,2011,120,HEALTH,Development,,Grant,ODA,Completion,,,Yes,No,true,"Title: Chinese government donates anti-malarial drugs to Ministry of Health
Description: On December 6, 2011, a handover ceremony was held for the donation of anti-malarial drugs to the Ministry of Health from the Chinese Government. The value of the donation is unknown.
Country: Mauritania
Region: Africa
Sector: HEALTH
Sector code: 120
Theme/intent: Development
Finance type: Grant
Flow class: ODA
Status: Completion"
